Top pages,Clicks,Impressions,CTR,Position
https://theblueprint.training/,7219,151446,4.77%,20.04
https://theblueprint.training/get-started/,4848,866877,0.56%,7.56
https://theblueprint.training/about/,745,74509,1%,8.06
https://theblueprint.training/local-seo-training/,496,115694,0.43%,38.45
https://modules.theblueprint.training/login,436,34505,1.26%,9.05
https://theblueprint.training/seo-sprints-training/,403,138912,0.29%,16.62
https://theblueprint.training/seo-report/,347,1895129,0.02%,45.68
https://theblueprint.training/templates-and-sops/,315,44671,0.71%,17.6
https://theblueprint.training/blueprint-affiliate-program/,257,15145,1.7%,13.23
https://theblueprint.training/agency-sales-training/,248,69456,0.36%,36.61
https://theblueprint.training/niches-for-your-agency/,207,98442,0.21%,14.91
https://theblueprint.training/local-seo/,199,313868,0.06%,34.97
https://theblueprint.training/seo-proposal/,198,182474,0.11%,28.27
https://theblueprint.training/terms-and-conditions/,158,5976,2.64%,8.65
https://theblueprint.training/tools/website-quality-audit/,139,38644,0.36%,62.47
https://theblueprint.training/book/,137,39924,0.34%,8.33
https://theblueprint.training/slack-channel/,134,42023,0.32%,18.75
https://theblueprint.training/seo-content-training/,133,88403,0.15%,32.11
https://theblueprint.training/link-building-strategy/,120,65434,0.18%,36.47
https://theblueprint.training/seo-deliverables/,120,48776,0.25%,32.3
https://theblueprint.training/client-questionnaire-template/,109,128504,0.08%,43.6
https://theblueprint.training/sign-up/,103,31954,0.32%,6.25
https://theblueprint.training/seo-proposal-template/,94,85974,0.11%,27.09
https://theblueprint.training/community-rankings/,86,11173,0.77%,13.27
https://theblueprint.training/freebies-fb/,79,2950,2.68%,11.06
https://theblueprint.training/make-money-seo/,78,73878,0.11%,27.77
https://theblueprint.training/blog/,78,10907,0.72%,19.86
https://theblueprint.training/bootcamps/,76,18144,0.42%,9.4
https://theblueprint.training/project-management-seo/,70,105241,0.07%,34.95
https://theblueprint.training/ai-seo-process/,65,23020,0.28%,50.93
https://theblueprint.training/agency-website-template/,63,17087,0.37%,28.69
https://theblueprint.training/how-to-productize-services/,60,15584,0.39%,22.27
https://theblueprint.training/wp-content/uploads/2019/02/The-Blueprint-__-Monthly-SEO-Report-TEMPLATE-›-ALL-Live-Links-and-Content-Live-Data.pdf,56,64545,0.09%,59.52
https://theblueprint.training/linkedin-training/,52,6058,0.86%,19.78
https://theblueprint.training/link-building-for-dentists/,50,12967,0.39%,25.17
https://theblueprint.training/coaching/,50,7376,0.68%,17.38
https://theblueprint.training/content-marketing-for-agencies/,49,35771,0.14%,42.6
https://theblueprint.training/reviews/,48,3569,1.34%,14.59
https://modules.theblueprint.training/courses/module-2-6-internal-linking-optimization/172027-default-section/581035-2-6-1-introduction-to-kevin-indig-s-tipr-model,48,1772,2.71%,39.7
https://theblueprint.training/keyword-research/,47,107846,0.04%,48.25
https://theblueprint.training/seo-templates-every-agency-needs/,46,85197,0.05%,57.39
https://theblueprint.training/carrie-rose-rise-at-seven/,45,24305,0.19%,15.22
https://theblueprint.training/agency-pricing-models/,43,109411,0.04%,31.37
https://theblueprint.training/webris/,43,9519,0.45%,16.54
https://bootcamps.theblueprint.training/,43,2277,1.89%,15.86
https://theblueprint.training/build-authority-links-for-clients/,41,59248,0.07%,58.16
https://modules.theblueprint.training/courses/sheets-add-on-setup,39,498,7.83%,10.33
https://theblueprint.training/joy-hawkins/,38,13006,0.29%,11.86
https://theblueprint.training/seo-agency-project-management/,37,30107,0.12%,37.99
https://theblueprint.training/seo-process/,37,22016,0.17%,13.33
https://theblueprint.training/seo-competitive-analysis/,36,659181,0.01%,53.09
https://theblueprint.training/bigger-agency-clients/,36,22459,0.16%,41.59
https://theblueprint.training/agency-positioning/,35,50198,0.07%,37.98
https://theblueprint.training/trainings/client-onboarding/,35,15806,0.22%,50.3
https://theblueprint.training/white-label-ppc/,32,72660,0.04%,62.46
https://theblueprint.training/agency-podcast/,32,2539,1.26%,18.76
https://theblueprint.training/nobs-links/,29,14354,0.2%,20.67
https://theblueprint.training/generate-leads-meta-ads/,28,11315,0.25%,11.93
https://modules.theblueprint.training/the-blueprint-training-full-6mo-plan,25,2890,0.87%,15.42
https://theblueprint.training/kyle-roof/,24,2593,0.93%,19.45
https://theblueprint.training/trainings_cat/free/,23,507,4.54%,10.12
https://theblueprint.training/seo-roi/,22,34018,0.06%,32.09
https://theblueprint.training/darren-shaw-local-seo/,22,2792,0.79%,18.71
https://theblueprint.training/tools/benchmark-analysis-report/,18,135487,0.01%,40.74
https://theblueprint.training/content-brief-template/,18,58888,0.03%,53.88
https://theblueprint.training/agency-training/,18,37132,0.05%,14.48
https://theblueprint.training/tools/seo-campaign-report/,18,4366,0.41%,26.1
https://theblueprint.training/mark-luckenbaugh/,18,1814,0.99%,34.73
https://theblueprint.training/agency-tax-planning/,17,8607,0.2%,25.41
https://modules.theblueprint.training/courses/masterclass/725744-offer-creation,15,493,3.04%,12.39
https://modules.theblueprint.training/module-2-2-technical-seo-audits/yaqxu,14,35586,0.04%,39.13
https://modules.theblueprint.training/seo-project-management/cxmjk,14,520,2.69%,7.01
https://modules.theblueprint.training/,13,1355,0.96%,45.52
https://theblueprint.training/web-design-agency-seo/,13,1324,0.98%,36.44
https://theblueprint.training/tools/internal-link-analysis/,12,140123,0.01%,50.49
https://theblueprint.training/best-seo-tool-stack/,12,62352,0.02%,57.58
https://theblueprint.training/event/,12,1062,1.13%,9.48
https://theblueprint.training/moz-vs-semrush-vs-ahrefs/,11,2079594,0%,29.77
https://theblueprint.training/wp-content/uploads/2019/02/Blueprint-TEMPLATE-__-SEO-Kickoff-Data-Analysis-›-List-of-Queries.pdf,11,2933,0.38%,37.73
https://modules.theblueprint.training/module-2-6-internal-linking-optimization/cxmjk,11,1320,0.83%,54.61
https://theblueprint.training/agency-growth-framework-jason-swenk/,11,522,2.11%,16.86
http://theblueprint.training/,11,287,3.83%,46.84
https://theblueprint.training/book-goodies/,10,738,1.36%,8.07
https://theblueprint.training/seo-tinder/,10,663,1.51%,26.87
https://modules.theblueprint.training/courses/seo-reporting/44086-monthly-seo-report,9,76906,0.01%,68.34
https://theblueprint.training/outsource-seo/,9,12408,0.07%,62.43
https://theblueprint.training/why-productize-agency/,9,8531,0.11%,19.27
https://modules.theblueprint.training/courses/module-2-1-website-quality-audit,9,157,5.73%,16.47
https://theblueprint.training/tools/google-analytics-audit/,8,34180,0.02%,53.55
https://theblueprint.training/link-building-pricing/,8,25849,0.03%,42.31
https://theblueprint.training/seo-agency-lead-generation/,8,19790,0.04%,62.72
https://theblueprint.training/agency-offer-creation/,8,991,0.81%,18.86
https://theblueprint.training/technical-seo-bootcamp/,7,9797,0.07%,29.29
https://theblueprint.training/keyword-intent/,7,8905,0.08%,59.58
https://theblueprint.training/link-building-case-study/,7,8087,0.09%,49.92
https://theblueprint.training/paid-traffic-workshop/,7,2165,0.32%,36.84
https://theblueprint.training/trainings/target-pages/,7,759,0.92%,34.7
https://theblueprint.training/category/templates/,7,87,8.05%,17.07
https://theblueprint.training/chris-dreyer/,6,10393,0.06%,30.32
https://modules.theblueprint.training/module-3-1-content-audit,6,2671,0.22%,57.45
https://theblueprint.training/category/bootcamps/,6,234,2.56%,11.3
https://theblueprint.training/wp-content/uploads/2019/03/Blueprint_-_TEMPLATE____Traffic_Projection_Tool.pdf,6,228,2.63%,62.94
https://modules.theblueprint.training/courses/sheets-add-on-setup/407414-adding-clients-tasks/1006203-adding-a-client,6,166,3.61%,11.52
https://theblueprint.training/charge-more-services/,5,5867,0.09%,14.29
https://modules.theblueprint.training/courses/sheets-add-on-setup/354510-copying-running-templates/1011028-bonus-the-traffic-projection-tool,5,3463,0.14%,53.52
https://modules.theblueprint.training/2-0-seo-strategy,5,3269,0.15%,35.95
https://theblueprint.training/marketing-your-agency-ruan-marinho/,5,1021,0.49%,16.32
https://modules.theblueprint.training/courses/module-3-2-kw-research-gap-analysis-new-pages,5,260,1.92%,23.23
https://modules.theblueprint.training/template-seo-proposals,4,23925,0.02%,65.43
https://theblueprint.training/get-featured-podcasts/,4,4492,0.09%,40.93
https://modules.theblueprint.training/courses/module-3-2-kw-research-gap-analysis-new-pages/47612-default-section/157842-3-2-intro-to-kw-gap-analysis,4,3664,0.11%,72.54
https://modules.theblueprint.training/acquisition-outbound,4,1171,0.34%,20.17
https://theblueprint.training/julia-mccoy/,4,895,0.45%,41.53
https://theblueprint.training/joel-klettke/,4,858,0.47%,14.91
https://theblueprint.training/ahrefs-search-engine-yep/,3,58763,0.01%,48.4
https://theblueprint.training/brian-dean-consulting/,3,4982,0.06%,55.54
https://theblueprint.training/joey-gilkey-agency-sales/,3,4598,0.07%,10.98
https://modules.theblueprint.training/view/courses/87ce8a9d-f15d-4e37-8afe-33699b45a82b,3,2605,0.12%,45.13
https://modules.theblueprint.training/courses/onboarding/38992-1-1-onboarding/131424-tools-templates-sops-and-links,3,2462,0.12%,56.09
https://theblueprint.training/sell-agency/,3,829,0.36%,41.51
https://theblueprint.training/garrett-mehrguth/,3,461,0.65%,19.34
https://theblueprint.training/agency-strategy/,3,338,0.89%,10.39
https://theblueprint.training/david-martin/,3,316,0.95%,28.45
https://theblueprint.training/tools/agency-pulse-report/,3,262,1.15%,16.32
https://theblueprint.training/jj-russell/,3,194,1.55%,18.64
https://modules.theblueprint.training/view/courses/agency-sales-attracting-closing-clients/155697-1-4-cold-outreach,3,188,1.6%,22.23
https://modules.theblueprint.training/courses/sheets-add-on-setup/354510-copying-running-templates/1006207-two-types-of-sheets-templates-basic-and-automated,3,42,7.14%,24.36
https://modules.theblueprint.training/courses/sheets-add-on-setup/353578-default-section/1042057-read-this-first,3,27,11.11%,33.67
https://theblueprint.training/webinar-email-sequences/,2,5255,0.04%,41.6
https://modules.theblueprint.training/white-hat-link-building,2,1751,0.11%,51.03
https://theblueprint.training/john-saunders/,2,984,0.2%,11.35
https://theblueprint.training/high-ticket-sales/,2,968,0.21%,21.12
https://theblueprint.training/olga-andrienko/,2,558,0.36%,31.71
https://theblueprint.training/why-is-my-website-losing-organic-traffic/,2,554,0.36%,22.22
https://theblueprint.training/adam-steele/,2,504,0.4%,29.68
https://theblueprint.training/agency-quiz/,2,333,0.6%,15.96
https://theblueprint.training/extend-agency-contracts/,2,201,1%,17.93
https://modules.theblueprint.training/view/courses/kickoff-data-analysis,2,169,1.18%,11.05
https://theblueprint.training/public-relations-strategies-george-bradley/,2,145,1.38%,22.71
https://modules.theblueprint.training/courses/competitive-analysis/41281-default-section/129485-competitive-analysis-overview,2,135,1.48%,58.74
https://modules.theblueprint.training/courses/seo-project-management/360871-setting-up-the-legacy-pm-trackers,2,63,3.17%,11.03
https://go.theblueprint.training/link-strategy,2,26,7.69%,10.69
https://modules.theblueprint.training/agency-sales-attracting-closing-clients,2,21,9.52%,29.81
https://theblueprint.training/results/,1,12083,0.01%,3.84
https://modules.theblueprint.training/courses/module-2-2-technical-seo-audits/41282-default-section/119490-enterprise-seo-audit-walkthrough,1,11218,0.01%,60.67
https://theblueprint.training/aleric-heck-youtube/,1,808,0.12%,41.87
https://theblueprint.training/why-seo/,1,652,0.15%,41.42
https://theblueprint.training/agency-growth/,1,594,0.17%,30.39
https://modules.theblueprint.training/c52ee621-62d2-40e1-9ac0-d246b91eed6a,1,350,0.29%,55.42
https://theblueprint.training/category/podcast/,1,206,0.49%,25.6
https://modules.theblueprint.training/courses/masterclass/725717-positioning,1,205,0.49%,47.67
https://theblueprint.training/agency-profitability-management-marcel-petitpas/,1,195,0.51%,10.82
https://theblueprint.training/marketing-your-agency/,1,190,0.53%,21.22
https://modules.theblueprint.training/courses/module-5-2-local-seo-reporting,1,178,0.56%,56.28
https://modules.theblueprint.training/view/courses/c52ee621-62d2-40e1-9ac0-d246b91eed6a/1197336-the-client-kickoff-call,1,167,0.6%,65.58
https://modules.theblueprint.training/agency-management-staffing-resourcing,1,154,0.65%,15.1
https://theblueprint.training/category/agency/,1,130,0.77%,10.82
https://modules.theblueprint.training/courses/masterclass/725717-positioning/2114226-4-positioning-strategies,1,86,1.16%,48.62
https://modules.theblueprint.training/view/courses/masterclass,1,64,1.56%,38.91
https://theblueprint.training/privacy-policy/,1,42,2.38%,18.76
https://modules.theblueprint.training/view/courses/module-3-1-content-audit/47611-default-section/154411-3-1-4-content-audit-over-shoulder,1,42,2.38%,34.17
https://modules.theblueprint.training/courses/module-5-2-local-seo-reporting/233524-bonus-content/604716-bonus-data-studio-deep-dive,1,38,2.63%,45.66
https://modules.theblueprint.training/c189846f-e76c-474c-a4a2-8fdea48de640,1,37,2.7%,52.43
https://modules.theblueprint.training/2-0-agency-toolbelt,1,30,3.33%,53.53
http://go.theblueprint.training/link-strategy,1,16,6.25%,1
https://go.theblueprint.training/link-strategy-1,1,14,7.14%,1.57
https://modules.theblueprint.training/view/courses/sheets-add-on-setup/354510-copying-running-templates/1008935-module-2-1-website-quality-audit,1,14,7.14%,18.29
https://modules.theblueprint.training/courses/module-5-2-local-seo-reporting/172066-local-seo-monthly-report/507496-5-2-2-overview-of-the-sheets-database,1,13,7.69%,42.62
https://bootcamps.theblueprint.training/metaads,1,3,33.33%,2
https://modules.theblueprint.training/view/courses/agency-sales-attracting-closing-clients,1,3,33.33%,94
https://modules.theblueprint.training/courses/agency-sales-attracting-closing-clients/155697-1-6-generating-leads-cold-outreach/674203-bonus-the-brand-deck,1,1,100%,2
https://ai.theblueprint.training/presale.html,1,1,100%,7
https://theblueprint.training/seo-report/#2_Organic_traffic_summary_report,0,37098,0%,9.01
https://theblueprint.training/seo-report/#7_Organic_revenue_report,0,36618,0%,8.99
https://theblueprint.training/seo-report/#Access_The_FREE_SEO_Reporting_Template,0,30368,0%,9.06
https://theblueprint.training/seo-report/#1_Summary_page,0,19937,0%,9.05
https://theblueprint.training/seo-report/#4_Organic_landing_pages,0,17869,0%,9.23
https://theblueprint.training/seo-report/#6_eCommerce_conversion_and_revenue_analysis,0,17375,0%,9.16
https://theblueprint.training/seo-report/#3_Organic_traffic_breakdown,0,15293,0%,9.01
https://theblueprint.training/moz-vs-semrush-vs-ahrefs/#Why_only_Ahrefs_Moz_or_SEMrush_for_the_comparison,0,14009,0%,6.98
https://theblueprint.training/moz-vs-semrush-vs-ahrefs/#Moz_Review,0,13761,0%,6.99
https://theblueprint.training/moz-vs-semrush-vs-ahrefs/#Ahrefs_vs_SEMrush_vs_Moz,0,13285,0%,6.98
https://modules.theblueprint.training/courses/module-2-6-internal-linking-optimization,0,8174,0%,60.8
https://theblueprint.training/local-seo/#Why_Local_SEO_is_a_Game-Changer_for_Your_Agency,0,6695,0%,9.18
https://theblueprint.training/moz-vs-semrush-vs-ahrefs/#SEMrush_Review,0,5313,0%,7.45
https://theblueprint.training/agency-positioning/#How_to_position_your_agency,0,5070,0%,7.28
https://theblueprint.training/agency-positioning/#Why_is_%E2%80%9CPositioning%E2%80%9D_so_important,0,5064,0%,7.28
https://theblueprint.training/4-rank-tracking-methods-for-ai-search/,0,4594,0%,44.34
https://theblueprint.training/agency-positioning/#2_Niche_industry,0,4055,0%,7.44
https://modules.theblueprint.training/link-building-outsourcing,0,3930,0%,58.64
https://theblueprint.training/local-seo/#3_Localized_Content_That_Matches_Search_Intent,0,3428,0%,9.66
https://theblueprint.training/joey-gilkey-agency-sales/#Timestamps,0,3137,0%,8.15
https://theblueprint.training/seo-report/#10_Lead_generation_by_entry_page,0,3136,0%,8.67
https://theblueprint.training/joey-gilkey-agency-sales/#28_07_Where_do_you_hire_sales_people_from_do_you_have_a_specific_set_of_questions,0,3131,0%,8.16
https://theblueprint.training/local-seo/#4_High-Quality_Local_Backlinks,0,3119,0%,8.8
https://theblueprint.training/joey-gilkey-agency-sales/#1_15_When_is_the_best_time_for_an_agency_to_hire_a_salesperson,0,3078,0%,8.17
https://theblueprint.training/link-building-strategy/#Link_profile_audit,0,2942,0%,5.2
https://theblueprint.training/link-building-strategy/#Competitor_link_analysis,0,2933,0%,5.2
https://theblueprint.training/local-seo/#1_An_Optimized_Active_Google_Business_Profile,0,2833,0%,9.75
https://theblueprint.training/link-building-strategy/#Grab_your_link_building_strategy_template,0,2495,0%,4.96
https://theblueprint.training/seo-report/#8_Organic_revenue_by_demographic,0,2255,0%,10.93
https://theblueprint.training/make-money-seo/#1_Get_job_at_an_agency,0,1991,0%,9.46
https://theblueprint.training/make-money-seo/#8_Build_and_sell_SEO_software,0,1834,0%,9.37
https://theblueprint.training/agency-pricing-models/#1_Fixed_fee_pricing_model,0,1825,0%,9.35
https://theblueprint.training/agency-pricing-models/#3_Value_based_pricing_model,0,1786,0%,9.4
https://theblueprint.training/make-money-seo/#6_Sell_white_label_SEO_services_to_other_agencies,0,1743,0%,9.39
https://theblueprint.training/local-seo/#2_Consistent_and_Positive_Reviews,0,1590,0%,9.51
https://modules.theblueprint.training/courses/module-5-2-local-seo-reporting/172066-local-seo-monthly-report,0,1558,0%,75.03
https://theblueprint.training/seo-report/#9_Lead_generation_and_conversion_analysis,0,1523,0%,9.89
https://theblueprint.training/agency-positioning/#1_Industry_targeting,0,1490,0%,7.03
https://theblueprint.training/agency-pricing-models/#4_Performance_based_pricing_model,0,1383,0%,9.77
https://theblueprint.training/seo-agency-project-management/#Why_Project_Management_Matters,0,1328,0%,6.86
https://theblueprint.training/seo-agency-project-management/#Step_1_Design_Your_Workflows,0,1327,0%,6.86
https://theblueprint.training/joey-gilkey-agency-sales/#12_45_How_do_you_train_a_sales_team_on_product_knowledge_for_a_company_that_offers_technical_services,0,1131,0%,8.22
https://theblueprint.training/joey-gilkey-agency-sales/#4_57_Does_an_agency_need_to_have_all_of_the_core_four_before_they_bring_on_a_salesperson,0,1088,0%,8.23
https://theblueprint.training/joey-gilkey-agency-sales/#23_20_What_do_you_look_for_in_a_salesperson,0,1084,0%,8.24
https://theblueprint.training/project-management-seo/#Building_a_project_plan_for_an_SEO_campaign,0,1044,0%,6.06
https://theblueprint.training/project-management-seo/#Building_your_agencys_processes,0,1044,0%,6.06
https://theblueprint.training/project-management-seo/#Its_all_about_the_process,0,1044,0%,6.06
https://modules.theblueprint.training/module-1-5-analytics-audit/cxmjk,0,958,0%,68.16
https://theblueprint.training/scaling-saas-companies-dave-rogenmoser/,0,841,0%,55.68
https://theblueprint.training/make-money-seo/#2_Sell_products_on_your_website_eCommerce,0,824,0%,9.94
https://theblueprint.training/content-marketing-for-agencies/#The_5_pieces_of_problem_solving_content_your_agency_needs_to_create,0,807,0%,7.41
https://theblueprint.training/content-marketing-for-agencies/#3_Tools_templates_that_help_to_solve_your_prospects_problems,0,676,0%,7.82
https://theblueprint.training/make-money-seo/#9_Monetize_a_high_traffic_blog,0,670,0%,9.96
https://theblueprint.training/carrie-rose-rise-at-seven/#How_has_Rise_at_Seven_achieved_this_impressive_level_of_growth,0,666,0%,7.14
https://theblueprint.training/make-money-seo/#3_Dropship_other_peoples_products_on_your_website,0,627,0%,9.85
https://modules.theblueprint.training/courses/onboarding/38992-1-1-onboarding/111880-campaign-onboarding-process,0,574,0%,79.03
https://theblueprint.training/how-to-productize-services/#2_Create_a_compelling_offer_that_solves_SPECIFIC_problems_for_your_SPECIFIC_market_position,0,565,0%,7.54
https://theblueprint.training/how-to-productize-services/#1_Refine_your_market_positioning,0,542,0%,6.92
https://theblueprint.training/make-money-seo/#4_Collect_hourly_consulting_fees_from_clients,0,540,0%,10.03
https://theblueprint.training/carrie-rose-rise-at-seven/#What_was_your_go-to-Market_offer_when_you_launched_Rise_at_Seven,0,519,0%,7.42
https://theblueprint.training/agency-positioning/#3_%E2%80%93_Easier_to_acquire_customers,0,506,0%,7.64
https://theblueprint.training/agency-positioning/#1_%E2%80%93_Streamlines_your_operations,0,506,0%,7.64
https://modules.theblueprint.training/view/courses/2-0-agency-productization/1121633-service-mapping,0,486,0%,53.66
https://theblueprint.training/how-to-productize-services/#3_Mind_map_the_entire_productized_offer_for_customers,0,468,0%,7.88
https://theblueprint.training/trainings_instructor_tags/ryan/,0,442,0%,6.12
https://theblueprint.training/agency-pricing-models/#2_Project_based_pricing_model,0,401,0%,9.68
https://theblueprint.training/seo-agency-project-management/#Step_3_Communicate_with_Clients,0,399,0%,6.64
https://theblueprint.training/seo-agency-project-management/#Step_2_Set_Up_Your_Team_For_Success,0,398,0%,6.64
https://theblueprint.training/content-marketing-for-agencies/#Solve_problems_make_%F0%9F%92%B0,0,363,0%,7.48
https://theblueprint.training/agency-pricing-models/#6_Points_based_pricing_model,0,346,0%,9.8
https://theblueprint.training/client-questionnaire-template/#2_Questions_about_the_business,0,345,0%,7.69
https://theblueprint.training/agency-pricing-models/#5_Retainer_based_pricing_model,0,342,0%,9.79
https://theblueprint.training/seo-content-training/#What_Youll_Learn,0,276,0%,6.53
https://theblueprint.training/seo-content-training/#Whats_Included_In_Your_Ticket,0,276,0%,6.53
https://theblueprint.training/content-marketing-for-agencies/#4_Case_studies_showing_youre_capable_of_solving_your_prospects_problems,0,254,0%,8.57
https://theblueprint.training/agency-pricing-models/#7_Hourly_pricing_model,0,248,0%,10.59
https://theblueprint.training/client-questionnaire-template/#1_Onboarding_their_platforms,0,241,0%,7.24
https://modules.theblueprint.training/courses/seo-reporting/44086-monthly-seo-report/197607-5-1-4-2-data-source-setup-keyword-tracking,0,207,0%,59.89
https://theblueprint.training/carrie-rose-rise-at-seven/#How_long_has_Rise_at_Seven_been_in_business_how_many_staff_do_you_have,0,200,0%,6.85
https://theblueprint.training/nobs-links/#What_is_your_review_process_during_link_prospecting,0,177,0%,4.14
https://modules.theblueprint.training/module-5-3-agency-pulse-reporting/cxmjk,0,172,0%,14.24
https://theblueprint.training/nobs-links/#How_is_NOBS_Links_able_to_acquire_5000_links_per_month,0,170,0%,3.9
https://theblueprint.training/nobs-links/#Tiered_link_building%E2%80%A6Recommend_it,0,164,0%,3.78
https://modules.theblueprint.training/view/courses/module-2-4-target-pages/46587-default-section/135566-2-4-target-pages-overview,0,162,0%,22.35
https://theblueprint.training/client-questionnaire-template/#4_Questions_about_link_building,0,161,0%,7.96
https://theblueprint.training/carrie-rose-rise-at-seven/#How_important_are_values_at_Rise_at_Seven_have_these_contributed_to_your_growth,0,157,0%,7.04
https://theblueprint.training/build-authority-links-for-clients/#What_youll_learn_from_this_link_building_training,0,143,0%,4.34
https://theblueprint.training/joy-hawkings/,0,134,0%,43.25
https://theblueprint.training/agency-tax-planning/#Is_there_anything_unique_about_agency_taxes,0,130,0%,8.43
https://theblueprint.training/carrie-rose-rise-at-seven/#Carrie_tell_us_about_yourself_and_how_you_got_started,0,129,0%,7.2
https://theblueprint.training/build-authority-links-for-clients/#Link_building_has_always_been_hard_for_agencies,0,123,0%,4.62
https://theblueprint.training/carrie-rose-rise-at-seven/#Do_agency_founders_need_investment,0,123,0%,7.24
https://theblueprint.training/how-to-productize-services/#4_Simplify_the_mind_map_create_standardized_processes,0,113,0%,8.28
https://theblueprint.training/seo-questions-1/,0,111,0%,40.33
https://modules.theblueprint.training/view/courses/masterclass/725744-offer-creation/2114202-the-offer-statement,0,110,0%,8.58
https://modules.theblueprint.training/view/courses/2-0-agency-productization/1162581-seo-sprints,0,109,0%,48.89
https://theblueprint.training/carrie-rose-rise-at-seven/#Should_values_and_ethics_influence_the_clients_you_work_with,0,106,0%,7.53
https://theblueprint.training/agency-tax-planning/#Whats_the_best_legal_structure_for_agencies,0,104,0%,8.84
https://modules.theblueprint.training/competitive-analysis,0,104,0%,18.14
https://modules.theblueprint.training/courses/agency-sales-attracting-closing-clients/155697-1-4-cold-outreach/664616-1-6-5-prospecting-builtwith,0,94,0%,14.22
https://theblueprint.training/make-money-seo/#7_Host_seminars_and_charge_per_seat,0,91,0%,9.05
https://theblueprint.training/agency-tax-planning/#How_can_agencies_reduce_taxable_income_Agency_specific_tax_deductions,0,88,0%,7.85
https://modules.theblueprint.training/courses/module-1-5-analytics-audit/199093-default-section/581979-intro-to-the-ga-audit,0,87,0%,44.11
https://theblueprint.training/build-authority-links-for-clients/#Is_this_link_building_training_for_you,0,81,0%,3.57
https://theblueprint.training/keyword-research/#Keyword_research_process_overview,0,80,0%,3.59
https://theblueprint.training/keyword-research/#The_keyword_research_template,0,80,0%,3.59
https://theblueprint.training/mark-luckenbaugh/#How_can_a_businesses_manipulate_proximity_when_they_cant_change_their_physical_location,0,77,0%,9.75
https://theblueprint.training/mark-luckenbaugh/#How_do_you_structure_a_website_to_rank_locally,0,77,0%,9.75
https://theblueprint.training/mark-luckenbaugh/#Whats_going_on_local_SEO_right_now,0,77,0%,9.75
https://modules.theblueprint.training/a1cc71a8-c3a0-4fca-a137-e540c13cd333,0,74,0%,58.69
https://theblueprint.training/bigger-agency-clients/#Benefits_of_working_with_big_clients,0,70,0%,8.03
https://theblueprint.training/nobs-links/#What_would_you_recommend_for_tier_1_tier_2_and_tier_3_types_of_links_in_terms_of_price_and_quality,0,64,0%,4.69
https://theblueprint.training/bigger-agency-clients/#1_How_to_get_their_attention,0,60,0%,7.85
https://modules.theblueprint.training/courses/onboarding/38992-1-1-onboarding,0,57,0%,14.7
https://theblueprint.training/make-money-seo/#5_Collect_agency_retainers_from_clients,0,52,0%,10.52
https://modules.theblueprint.training/module-02-kickoff-data-analysis,0,46,0%,11.91
https://modules.theblueprint.training/view/courses/sheets-add-on-setup/353579-configuring-your-agency-setup/1008962-importing-your-existing-pm-tracker,0,41,0%,12.8
https://theblueprint.training/seo-templates-every-agency-needs/#3_An_SEO_project_plan_template_that_keeps_everything_in_one_place,0,40,0%,6
https://modules.theblueprint.training/courses/sheets-add-on-setup/353579-configuring-your-agency-setup/1010353-adding-teammates-as-add-on-users,0,40,0%,31.77
https://theblueprint.training/agency-tax-planning/#What_are_some_common_myths_regarding_tax_deductions_cars_meals_etc,0,38,0%,7.47
https://theblueprint.training/webris/#Whats_happening_to_my_WEBRIS_training_account,0,37,0%,3.97
https://theblueprint.training/agency-tax-planning/#Can_you_apply_your_personal_expenses_to_the_business,0,37,0%,7.65
https://theblueprint.training/agency-tax-planning/#How_can_beginners_know_the_value_of_accounting,0,37,0%,7.65
https://theblueprint.training/agency-tax-planning/#Should_an_agency_hire_a_full-time_accountant,0,37,0%,7.65
https://modules.theblueprint.training/view/courses/module-2-2-technical-seo-audits,0,37,0%,31.76
https://modules.theblueprint.training/view/courses/module-2-6-internal-linking-optimization/198815-2-6-4-finding-internal-link-pairs,0,36,0%,68.56
https://modules.theblueprint.training/view/courses/module-2-5-on-page-analysis,0,35,0%,56.63
https://theblueprint.training/build-authority-links-for-clients/#Is_it_possible_to_acquire_links_for_SEO_clients_profitably,0,33,0%,3.61
https://theblueprint.training/seo-report/#5_Channel_comparison,0,33,0%,10.15
https://theblueprint.training/mark-luckenbaugh/#Can_you_unpack_what_%E2%80%9Cgeo_content%E2%80%9D_refers_to,0,33,0%,10.27
https://theblueprint.training/mark-luckenbaugh/#Have_you_seen_any_success_with_local_ads_GMB_ads,0,33,0%,10.27
https://theblueprint.training/mark-luckenbaugh/#Struggling_to_track_local_SEO_campaigns,0,33,0%,10.27
https://theblueprint.training/mark-luckenbaugh/#What_does_it_take_to_rank_in_the_3-pack,0,33,0%,10.27
https://modules.theblueprint.training/view/courses/agency-sales-attracting-closing-clients/155697-1-4-cold-outreach/662919-1-6-2-prospecting-4-methods,0,32,0%,59.22
https://theblueprint.training/agency-website-template/#Why_Most_SEO_Agency_Websites_Fail,0,31,0%,7.26
https://modules.theblueprint.training/84366b53-ab18-49f8-83bd-6892dd6eda04,0,31,0%,26.84
https://theblueprint.training/agency-website-template/#1_Home_page,0,27,0%,7.19
https://modules.theblueprint.training/module-3-3-content-strategy-and-campaigns,0,27,0%,21.26
https://theblueprint.training/webris/#How_long_will_I_have_access,0,26,0%,4.27
https://theblueprint.training/agency-website-template/#The_5_Pages_That_Matter,0,26,0%,7.62
https://theblueprint.training/agency-offer-creation/#Creating_your_offer,0,26,0%,8.5
https://theblueprint.training/agency-offer-creation/#The_offer_statement,0,26,0%,8.5
https://theblueprint.training/agency-offer-creation/#What_is_an_%E2%80%9Coffer%E2%80%9D_exactly,0,26,0%,8.5
https://theblueprint.training/bigger-agency-clients/#Drawbacks_of_working_with_small_clients,0,26,0%,9.73
https://theblueprint.training/seo-templates-every-agency-needs/#4_A_campaign_progress_report_template_that_shows_your_results,0,25,0%,5.8
https://modules.theblueprint.training/view/courses/white-hat-link-building/63650-link-roundups,0,25,0%,27.68
https://theblueprint.training/seo-process/#Phase_1_LEARNING,0,23,0%,8.57
https://theblueprint.training/seo-process/#Phase_2_IMPROVING,0,23,0%,8.57
https://theblueprint.training/seo-process/#Phase_3_BUILDING,0,23,0%,8.57
https://theblueprint.training/joy-hawkins/#Link_Building_Joys_Case_Study,0,21,0%,1.81
https://theblueprint.training/joy-hawkins/#Why_Your_Location_Still_Matters,0,21,0%,1.81
https://theblueprint.training/best-seo-tool-stack/#3_Ahrefs,0,18,0%,7.39
https://theblueprint.training/agency-website-template/#2_Results_page,0,18,0%,7.94
https://modules.theblueprint.training/courses/module-2-6-internal-linking-optimization/198815-2-6-4-finding-internal-link-pairs/507417-2-6-4-3-identifying-pages-in-need-of-inlinks-outlinks,0,18,0%,15.67
https://theblueprint.training/agency-website-template/#5_Blog,0,17,0%,6.65
https://theblueprint.training/best-seo-tool-stack/#2_DeepCrawl,0,17,0%,7.71
https://theblueprint.training/best-seo-tool-stack/#8_Pitchbox,0,16,0%,7.62
https://theblueprint.training/best-seo-tool-stack/#How_did_we_come_up_with_this_list,0,16,0%,7.62
https://theblueprint.training/tools_instructor_tags/david/,0,16,0%,23.31
https://theblueprint.training/seo-templates-every-agency-needs/#2_Stay_on_top_of_your_content_marketing,0,14,0%,6.14
https://modules.theblueprint.training/view/courses/module-2-1-website-quality-audit/361585-analysis,0,14,0%,57.29
https://modules.theblueprint.training/view/courses/sheets-add-on-setup/353578-default-section,0,14,0%,59.57
https://theblueprint.training/webris/#Why_are_you_guys_doing_this,0,13,0%,4.46
https://theblueprint.training/agency-website-template/#4_Micro_Conversion,0,13,0%,6.69
https://modules.theblueprint.training/view/courses/module-1-5-analytics-audit/199093-default-section,0,13,0%,50.69
https://theblueprint.training/blended-search/,0,12,0%,22.33
https://modules.theblueprint.training/view/courses/2-0-agency-productization,0,12,0%,24.17
https://modules.theblueprint.training/courses/masterclass/725744-offer-creation/2114204-wtf-offer,0,12,0%,55
https://modules.theblueprint.training/view/courses/c52ee621-62d2-40e1-9ac0-d246b91eed6a/1197337-managing-project-plans,0,11,0%,48.91
https://modules.theblueprint.training/view/courses/2-0-agency-productization/1121738-project-plan-design,0,11,0%,63
https://theblueprint.training/generate-leads-meta-ads/#Want_Us_To_Teach_You_Exactly_How_To_Get_Clients_For_Your_Agency_Step_By_Step,0,10,0%,7.8
https://theblueprint.training/generate-leads-meta-ads/#Why_Facebook_Ads_%E2%80%93_and_Why_This_Bootcamp,0,10,0%,7.8
https://modules.theblueprint.training/view/courses/module-3-1-content-audit,0,10,0%,43.8
https://theblueprint.training/content-brief-template/#SEO_content_brief_example,0,9,0%,5.44
https://modules.theblueprint.training/view/courses/sheets-add-on-setup/354510-copying-running-templates,0,9,0%,5.89
https://modules.theblueprint.training/view/courses/module-5-3-agency-pulse-reporting/199178-default-section/582291-5-3-1-what-is-the-pulse-report,0,9,0%,18.89
https://modules.theblueprint.training/b71af146-db54-44be-b2e7-af0f33c9ab78,0,9,0%,44.89
https://modules.theblueprint.training/view/courses/sheets-add-on-setup/353579-configuring-your-agency-setup/1006206-copying-a-new-project-management-tracker,0,9,0%,52.44
https://modules.theblueprint.training/view/courses/c52ee621-62d2-40e1-9ac0-d246b91eed6a/1197335-creating-the-project-plan,0,9,0%,77.56
https://theblueprint.training/seo-roi/#ROI_of_SEO_for_Ecommerce_sites,0,8,0%,3.25
https://theblueprint.training/seo-roi/#The_basic_formula_for_ROI,0,8,0%,3.25
https://theblueprint.training/agency-growth/#Ceiling_1_Cant_get_new_clients_consistently,0,8,0%,3.5
https://theblueprint.training/agency-growth/#Ceiling_2_Cant_get_consistent_results,0,8,0%,3.5
https://modules.theblueprint.training/view/courses/c52ee621-62d2-40e1-9ac0-d246b91eed6a/1197334-start-here/3635996-our-full-pm-system,0,8,0%,7.5
https://modules.theblueprint.training/view/courses/c52ee621-62d2-40e1-9ac0-d246b91eed6a,0,8,0%,22.62
https://modules.theblueprint.training/view/courses/white-hat-link-building/63669-content-promotion-hacks,0,8,0%,33.88
https://theblueprint.training/best-seo-tool-stack/#6_Google_Suite,0,7,0%,5
https://theblueprint.training/agency-website-template/#How_To_%E2%80%9CPrune%E2%80%9D_All_Other_Pages,0,7,0%,6.86
https://modules.theblueprint.training/courses/agency-sales-attracting-closing-clients/155082-1-3-generating-leads-fb-ads-execution,0,7,0%,8.43
https://theblueprint.training/agency-growth-framework-jason-swenk/#06_54_Youve_acquired_nine_agencies_What_are_you_looking_for_on_the_other_end_now_being_the_actual_acquirer,0,7,0%,9.14
https://theblueprint.training/agency-growth-framework-jason-swenk/#09_53_How_are_you_calculating_the_multiples_as_a_change_from_agency_to_agency_and_what_is_the_standard_multiple_that_you_see_in_the_agency_space,0,7,0%,9.14
https://theblueprint.training/category/office-hours/,0,7,0%,17.86
https://theblueprint.training/expand-ranking-radius/,0,7,0%,23.57
https://modules.theblueprint.training/courses/agency-sales-attracting-closing-clients/155697-1-6-generating-leads-cold-outreach/663938-1-6-3-prospecting-google-search,0,7,0%,28.71
https://modules.theblueprint.training/courses/module-5-3-agency-pulse-reporting,0,7,0%,40.43
https://modules.theblueprint.training/bonus-module-ecommerce-cannabis-case-study,0,7,0%,53.14
https://modules.theblueprint.training/view/courses/agency-sales-attracting-closing-clients/116948-1-2-fb-ads-strategy/496095-1-2-13-mid-funnels-ads-webinar-ads-review,0,7,0%,55.57
https://modules.theblueprint.training/view/courses/module-3-1-content-audit/47611-default-section/142102-3-1-content-audit-overview,0,7,0%,76.86
https://modules.theblueprint.training/view/courses/2-0-agency-productization/1121705-creating-sops,0,6,0%,4.5
https://theblueprint.training/content-brief-template/#What_is_a_content_brief,0,6,0%,4.67
https://theblueprint.training/why-productize-agency/#7_Reasons_to_Productize_Your_Agency_Service,0,6,0%,5.5
https://theblueprint.training/seo-tinder/#1_PBNs_and_Web_20s,0,6,0%,9.17
https://theblueprint.training/seo-tinder/#3_E-A-T_and_YMYL,0,6,0%,9.17
https://modules.theblueprint.training/courses/agency-sales-attracting-closing-clients/116948-1-2-fb-ads-strategy/471444-1-2-9-mid-funnel-ads-the-webinar-process,0,6,0%,14.5
https://modules.theblueprint.training/view/courses/module-2-3-keyword-research-for-existing-pages/46572-additional-resources/132176-keyword-research-case-study-laces-out,0,6,0%,16.5
https://theblueprint.training/wp-content/uploads/2024/06/Screenshot-2024-08-26-at-7.51.30 AM.jpg,0,6,0%,26.33
https://modules.theblueprint.training/view/courses/module-3-3-content-strategy-and-campaigns/47613-default-section/390294-3-3-0-intro-to-the-content-module,0,6,0%,36.17
https://theblueprint.training/best-seo-tool-stack/#4_Keywords_Everywhere,0,5,0%,5
https://modules.theblueprint.training/view/courses/seo-project-management,0,5,0%,5.8
https://theblueprint.training/wp-content/uploads/2019/05/Standard_Pricing_Table.jpg,0,5,0%,13.4
https://modules.theblueprint.training/2-0-agency-productization,0,5,0%,37.6
https://theblueprint.training/seo-roi/#Defining_the_formula_inputs,0,4,0%,4
https://modules.theblueprint.training/b872f171-6755-4502-b925-634722972653,0,4,0%,4.75
https://theblueprint.training/why-productize-agency/#Introducing%E2%80%A6Productized_services,0,4,0%,5
https://modules.theblueprint.training/view/courses/seo-reporting,0,4,0%,6
https://modules.theblueprint.training/view/courses/0231abe9-49e3-4a8e-9179-ab9daf87eba6/1197325-start-here/3635978-process,0,4,0%,7
https://theblueprint.training/content-brief-template/#The_benefits_of_a_duplicatable_creative_brief,0,4,0%,7.75
https://theblueprint.training/agency-growth-framework-jason-swenk/#01_25_Tell_us_about_yourself_and_what_you_do,0,4,0%,9
https://theblueprint.training/agency-growth-framework-jason-swenk/#02_35_What_were_you_doing_back_in_%E2%80%9899_and_how_did_you_evolve,0,4,0%,9
https://theblueprint.training/agency-growth-framework-jason-swenk/#03_38_In_terms_of_services_you_were_providing_were_you_focused_on_a_niche,0,4,0%,9
https://theblueprint.training/agency-growth-framework-jason-swenk/#04_40_How_did_it_come_about_for_you_in_terms_of_being_acquired,0,4,0%,9
https://theblueprint.training/agency-growth-framework-jason-swenk/#16_57_You_have_a_specific_framework_for_growing_agencies_Can_you_tell_us_about_that,0,4,0%,9
https://modules.theblueprint.training/view/courses/agency-sales-attracting-closing-clients/155697-1-4-cold-outreach/628731-bonus-building-your-agency-s-outbound-pipeline-live-consulting,0,4,0%,54.25
https://modules.theblueprint.training/view/courses/0231abe9-49e3-4a8e-9179-ab9daf87eba6/1197325-start-here,0,3,0%,2.67
https://theblueprint.training/agency-website-template/#3_Macro_Conversion,0,3,0%,5
https://modules.theblueprint.training/view/courses/agency-sales-attracting-closing-clients/155697-1-4-cold-outreach/659398-1-6-1-intro-to-cold-outreach,0,3,0%,5.33
https://modules.theblueprint.training/view/courses/white-hat-link-building/63673-ninja-tactics,0,3,0%,6.33
https://theblueprint.training/seo-templates-every-agency-needs/#1_Hyper_focus_your_keyword_research,0,3,0%,6.33
https://theblueprint.training/best-seo-tool-stack/#5_Clearscope,0,3,0%,7
https://modules.theblueprint.training/courses/module-3-3-content-strategy-and-campaigns,0,3,0%,8
https://modules.theblueprint.training/view/courses/module-2-1-website-quality-audit/361586-start-here,0,3,0%,8.33
https://theblueprint.training/seo-competitive-analysis/#How_to_analyze_your_SEO_competition,0,3,0%,9.67
https://theblueprint.training/seo-competitive-analysis/#How_to_find_your_SEO_competition,0,3,0%,9.67
https://theblueprint.training/seo-competitive-analysis/#a_Use_SEMRush_to_find_competitors_based_on_keywords_in_common,0,3,0%,9.67
https://modules.theblueprint.training/courses/white-hat-link-building/44187-section-1-intro-to-link-building-processes/128119-understanding-the-roles-in-the-process,0,3,0%,10.33
https://theblueprint.training/wp-content/uploads/2021/05/page-brief-templat-example.png,0,3,0%,27.67
https://modules.theblueprint.training/view/courses/competitive-analysis/41281-default-section/129485-competitive-analysis-overview,0,2,0%,4
https://theblueprint.training/agency-growth/#Solution_1_Dial_in_a_single_lead_source,0,2,0%,5.5
https://theblueprint.training/agency-growth/#Solution_2_Simplify_and_do_less,0,2,0%,5.5
https://theblueprint.training/best-seo-tool-stack/#1_Google_Tag_Manager,0,2,0%,6
https://modules.theblueprint.training/view/courses/white-hat-link-building/44185-getting-started,0,2,0%,6.5
https://theblueprint.training/why-productize-agency/#How_do_I_%E2%80%9CProductize%E2%80%9D_my_agency,0,2,0%,6.5
https://modules.theblueprint.training/4-1-link-building-strategy,0,2,0%,7
https://modules.theblueprint.training/view/courses/2-0-agency-productization/1121632-start-here,0,2,0%,8.5
https://modules.theblueprint.training/view/courses/seo-project-management/47274-start-here/1026500-project-management-intro,0,2,0%,8.5
https://theblueprint.training/wp-content/uploads/2024/02/Screenshot-2024-02-15-at-10.09.49 AM.png,0,2,0%,8.5
https://theblueprint.training/marketing-your-agency-ruan-marinho/#08_43_What_should_agencies_be_focusing_on_right_now,0,2,0%,9
https://theblueprint.training/wp-content/uploads/2019/03/Screen-Shot-2019-03-23-at-5.36.50-PM.png,0,2,0%,23
https://modules.theblueprint.training/courses/module-1-5-analytics-audit,0,2,0%,79.5
https://modules.theblueprint.training/courses/sheets-add-on-setup/355077-installing-the-add-on,0,2,0%,80.5
https://theblueprint.training/wp-content/uploads/2018/12/Fill-1@2x.png,0,1,0%,1
https://modules.theblueprint.training/view/courses/white-hat-link-building/44187-section-1-intro-to-link-building-processes,0,1,0%,3
https://theblueprint.training/link-building-case-study/#1_What_did_we_learn_from_our_study,0,1,0%,3
https://theblueprint.training/link-building-case-study/#2_What_has_changed_in_link_building,0,1,0%,3
https://theblueprint.training/project-organic-traffic/,0,1,0%,4
https://theblueprint.training/wp-content/uploads/2019/05/Screen-Shot-2019-05-15-at-9.50.57-AM.png,0,1,0%,4
https://theblueprint.training/group/,0,1,0%,7
https://modules.theblueprint.training/courses/module-2-2-technical-seo-audits,0,1,0%,8
https://theblueprint.training/get-featured-podcasts/#1_Podcast_outreach_strategy,0,1,0%,8
https://theblueprint.training/get-featured-podcasts/#2_Prospecting_for_podcasts,0,1,0%,8
https://theblueprint.training/get-featured-podcasts/#3_Clean_and_organize_the_podcast_opportunities,0,1,0%,8
https://theblueprint.training/get-featured-podcasts/#The_podcast_outreach_process,0,1,0%,8
https://theblueprint.training/get-featured-podcasts/#Why_get_featured_on_podcasts,0,1,0%,8
https://theblueprint.training/marketing-your-agency-ruan-marinho/#17_07_How_were_you_able_to_get_enough_leads_to_support_your_business_model,0,1,0%,8
https://modules.theblueprint.training/courses/agency-sales-attracting-closing-clients/116948-1-2-generating-leads-fb-ads-strategy/490364-1-2-11-mid-funnels-ads-landing-pages,0,1,0%,9
https://modules.theblueprint.training/courses/onboarding,0,1,0%,9
https://theblueprint.training/chris-dreyer/#Niching_Down_The_Power_of_Specialization,0,1,0%,9
https://theblueprint.training/chris-dreyer/#Pricing_Strategies_Tailoring_to_Different_Areas_of_Law,0,1,0%,9
https://theblueprint.training/wp-content/uploads/2024/06/1.png,0,1,0%,9
https://theblueprint.training/content-brief-template/#What_to_include_in_a_content_brief,0,1,0%,10
https://theblueprint.training/marketing-your-agency-ruan-marinho/#12_33_When_you_sell_do_you_offer_one_package_that_includes_both_SEO_and_AdWords,0,1,0%,10
https://theblueprint.training/trainings_instructor_tags/david/,0,1,0%,10
https://modules.theblueprint.training/view/courses/module-2-6-internal-linking-optimization/172027-default-section/507408-2-6-2-walkthrough-of-the-template,0,1,0%,11
https://modules.theblueprint.training/courses/module-2-3-keyword-research-for-existing-pages,0,1,0%,12
https://theblueprint.training/wp-content/uploads/2019/05/Screen-Shot-2019-05-02-at-1.36.09-PM.png,0,1,0%,12
https://modules.theblueprint.training/view/courses/white-hat-link-building/63664-podcast-outreach,0,1,0%,13
https://modules.theblueprint.training/courses/sheets-add-on-setup/378667-creating-project-plans,0,1,0%,14
https://modules.theblueprint.training/view/courses/sheets-add-on-setup/353579-configuring-your-agency-setup,0,1,0%,15
https://theblueprint.training/wp-content/uploads/2024/02/Screenshot-2024-02-15-at-9.56.30 AM.jpg,0,1,0%,16
https://theblueprint.training/wp-content/uploads/2019/05/Screen-Shot-2019-05-02-at-1.19.44-PM.png,0,1,0%,25
https://theblueprint.training/wp-content/uploads/2022/04/25285086.gif,0,1,0%,25
https://modules.theblueprint.training/view/courses/agency-sales-attracting-closing-clients/155697-1-4-cold-outreach/664395-1-6-4-prospecting-linkedin-sales-navigator,0,1,0%,37
https://modules.theblueprint.training/view/courses/seo-project-management/360564-creating-project-plans,0,1,0%,39
https://modules.theblueprint.training/courses/sheets-add-on-setup/407414-adding-clients-tasks,0,1,0%,153
https://modules.theblueprint.training/view/courses/module-5-3-agency-pulse-reporting/199178-default-section,0,1,0%,170