Top queries,Clicks,Impressions,CTR,Position
blueprint training,1293,7013,18.44%,5.67
the blueprint training,1177,2057,57.22%,1.19
slot depo 10k,632,11332,5.58%,12.18
mahjong menang123,361,316129,0.11%,3.48
blueprint seo,303,963,31.46%,1.92
mahjongjp88,220,151200,0.15%,7.77
ryan stewart seo,166,19926,0.83%,16.52
apk slot depo 10k,125,661,18.91%,4.49
slot gacor malam ini,117,3283,3.56%,23.38
slot gacor,111,6922,1.6%,34.47
the ranger blueprint login,105,243,43.21%,2
seo blueprint,99,23612,0.42%,16.67
link gacor malam ini,99,1502,6.59%,14.84
blueprint training seo,98,223,43.95%,1
blue print training,88,614,14.33%,3.69
ryan stewart blueprint,68,123,55.28%,1.25
ryan stewart – the blueprint training 2025,62,165,37.58%,1.39
slot mahjong gratis,61,809,7.54%,5.55
slot gaming --menang123,60,160676,0.04%,9.85
ryan stewart blueprint training,60,121,49.59%,4.19
the blueprint course,58,337,17.21%,1.73
slot depo 10rb,55,773,7.12%,10.38
slot 10k,53,1734,3.06%,17.27
blueprint seo training,50,82,60.98%,1.01
depo 10k,47,2452,1.92%,7.98
slot paling gacor malam ini,45,283,15.9%,7.23
slot 10rb,44,483,9.11%,13.29
blueprint sales training,44,146,30.14%,1.01
link slot gacor malam ini,42,697,6.03%,16.54
seo report template,41,80037,0.05%,19.53
seo proposal template,40,25065,0.16%,19.44
depo slot,40,1040,3.85%,8.17
blueprint affiliate marketing,40,382,10.47%,3.36
theblueprint training,39,48,81.25%,1.02
slot gacor depo 10k,35,769,4.55%,14.59
site:theblueprint.training,34,777,4.38%,2.44
seo sprints,32,8882,0.36%,5.29
link gacor mahjong,32,353,9.07%,7.38
local seo blueprint,31,490,6.33%,4.02
mahjong jp login,31,180,17.22%,5.51
blueprint affiliate program,31,113,27.43%,2.15
slot gampang menang,30,631,4.75%,18.63
slot depo 10,29,579,5.01%,9.22
agency blueprint,27,2036,1.33%,7.55
the blueprint agency,27,872,3.1%,6.12
slot gacor mahjong,27,770,3.51%,9.15
seo blueprint training,27,654,4.13%,1.16
website quality audit,25,1481,1.69%,4.39
slot depo,25,797,3.14%,7.5
seo monthly report template,24,17638,0.14%,15.86
mahjongjp,24,3234,0.74%,8.66
blueprint sales,23,716,3.21%,4.25
blueprint training courses,22,1058,2.08%,13.62
situs gacor,21,672,3.12%,28.8
situs gacor mahjong,21,230,9.13%,9.94
the blueprint training free,21,129,16.28%,1.16
ryan stewart the blueprint training program,21,39,53.85%,1.03
mahjongjp88 link alternatif games online terpercaya #1 di indonesia,20,2336,0.86%,5.24
depo 10rb,20,559,3.58%,7.41
slot 10 rb,20,83,24.1%,8.8
seo deliverables,19,7091,0.27%,6.36
slot mahjong,19,660,2.88%,18.01
mahjong depo 10k,19,78,24.36%,5.33
slot depo 10k bonus 10k,18,176,10.23%,7.04
link paling gacor malam ini,18,71,25.35%,2.63
mahjong88,17,45164,0.04%,8.47
the agency blueprint,17,2728,0.62%,6.97
jp88,17,2203,0.77%,5.88
slot deposit 10k,17,782,2.17%,14.35
situs slot gacor mahjong hari ini,17,143,11.89%,5.8
join the blueprint.com,16,1424,1.12%,3.69
mahjong jp,16,175,9.14%,4.17
slot gacor gampang menang,15,1265,1.19%,29.66
blueprint coaching,15,835,1.8%,6.73
bro jp slot login,15,766,1.96%,5.87
the blueprint training review,15,452,3.32%,13.54
slotgacor,15,417,3.6%,30.52
the seo blueprint,15,176,8.52%,9.38
situs slot 10k,15,67,22.39%,8.3
mahjong 777,14,714,1.96%,6.76
deposit minimal 10k,14,444,3.15%,6.15
slot gacor malam ini terbaru,14,157,8.92%,18.42
slot depo 10 rb,14,109,12.84%,8.14
slot 10k gacor hari ini,14,105,13.33%,4.04
situs tergacor,14,97,14.43%,21.28
backlink strategy template,13,1590,0.82%,5.3
link building plan template,13,872,1.49%,4.01
deposit 10k,13,451,2.88%,5.86
dex zalec,13,293,4.44%,6.78
depo10k,13,217,5.99%,6.24
gacor malam ini,13,140,9.29%,9.31
link gacor 10k,13,53,24.53%,5.92
seo proposal,12,33395,0.04%,27.23
blueprint agency,12,1616,0.74%,12.06
the ranger blueprint,12,978,1.23%,10.3
link depo,12,535,2.24%,8.32
slot deposit 10rb,12,418,2.87%,15.33
training blueprint,12,362,3.31%,4.99
mahjong gacor hari ini,12,274,4.38%,8.56
slot gacor 10k,12,261,4.6%,9.33
gacor,12,218,5.5%,22.97
ling gacor,12,172,6.98%,9.47
akun slot gacor mahjong,12,149,8.05%,8.93
slot depo 10 k,12,126,9.52%,4.45
seo sprint,11,44911,0.02%,16.28
slot 10 ribu,11,390,2.82%,16.11
slot minimal depo 10k,11,266,4.14%,8.85
link mahjong gratis,11,195,5.64%,7.73
meta ads bootcamp,11,186,5.91%,5.04
link deposit,11,152,7.24%,7.61
slot mahjong 777,11,122,9.02%,6.43
situs slot sga,11,109,10.09%,4.25
situs gacor depo 10k,11,71,15.49%,5.38
blueprint training program,11,61,18.03%,2.05
slot gacor hari ini 10k,11,33,33.33%,5.85
ryan stewart seo course,11,20,55%,1
mahjongjp88 login,10,3407,0.29%,7.44
slot mahjong gacor,10,284,3.52%,19.63
slot depo 10 ribu,10,258,3.88%,12.43
link gacor depo 10k,10,88,11.36%,4.28
slot tergacor malam ini,10,85,11.76%,7.06
selot depo,10,84,11.9%,6.75
seo slack community,9,1044,0.86%,11.29
local seo proposal template,9,785,1.15%,8.32
mahjong gacor88,9,457,1.97%,6.46
gacor88jp,9,365,2.47%,3.28
situs slot depo 10k,9,271,3.32%,13
slot depo 10k gacor,9,202,4.46%,10.63
mahjong jp 88,9,194,4.64%,7.65
link slot depo 10k,9,187,4.81%,10.94
theblueprint.training,9,118,7.63%,1.36
gacor hari ini mahjong,9,115,7.83%,6.86
link mahjong gacor,9,114,7.89%,9.56
slot gratis mahjong,9,109,8.26%,8.48
slot depo 10k terpercaya,9,64,14.06%,4.86
depo 10+10,9,56,16.07%,4.23
minimal depo 10rb,9,53,16.98%,5.47
aplikasi slot deposit 10k,9,43,20.93%,6.12
slot apk depo 10k,9,38,23.68%,4.39
blueprint education login,8,3329,0.24%,5.98
deposit 10rb,8,435,1.84%,8.41
gacor777,8,362,2.21%,26.86
depo slot gratis,8,272,2.94%,8.17
linkedin blueprint,8,233,3.43%,9.36
mahjongjp88 demo,8,157,5.1%,5.01
ryan stewart the blueprint training 2025,8,46,17.39%,1
slotdepo10k,8,45,17.78%,4.04
slot depo10k,8,35,22.86%,4.4
link slot gacor deposit 10k,8,32,25%,3.03
seo blueprint ryan stewart,8,27,29.63%,8.56
seo monthly report,7,28466,0.02%,23.01
blueprint login,7,11758,0.06%,9.07
rise at seven,7,1728,0.41%,13.7
mahjongjp88 link alternatif,7,1486,0.47%,6.85
mahjong 88,7,1113,0.63%,9.59
seo client questionnaire pdf,7,516,1.36%,6.73
slot deposit qris,7,376,1.86%,18.93
mahjongjp88 link alternatif games online terpercaya 1 di indonesia,7,289,2.42%,5.17
depo mahjong,7,173,4.05%,4.86
situs gampang menang,7,122,5.74%,20.82
slot gratis,7,91,7.69%,22.2
slot 10 k,7,85,8.24%,6.61
deposit mahjong,7,42,16.67%,4.19
slot gacor depo 10 ribu,7,25,28%,3.2
seo blue print,6,13197,0.05%,17.97
slack seo community,6,4567,0.13%,12.39
seo report template word,6,2206,0.27%,16.72
blueprint training center,6,1011,0.59%,8.49
local seo sop,6,877,0.68%,9.31
seo proposal template free download,6,523,1.15%,13.41
mahjong slot,6,339,1.77%,24.63
slot gacor royal188bet.com,6,335,1.79%,5.37
digital marketing client questionnaire pdf,6,301,1.99%,7.79
local seo blueprint by chase reiner,6,259,2.32%,4.19
situs slot mahjong,6,191,3.14%,18.48
minimal depo 10k,6,187,3.21%,9.36
mahjong gacor,6,186,3.23%,10.18
minimal deposit 10rb,6,161,3.73%,5.34
deposit 10,6,99,6.06%,13.33
slot 10k gacor,6,52,11.54%,8.56
situs slot depo 10rb,6,51,11.76%,11.16
slot gacor mahjong hari ini,6,41,14.63%,7.37
depo slot mahjong,6,36,16.67%,3.64
slot gacor depo 10rb,6,35,17.14%,5.29
slot 10k depo,6,10,60%,1.2
free seo proposal template,5,7312,0.07%,13.01
seo proposal for client pdf,5,6751,0.07%,37.97
link building for dentists,5,3544,0.14%,7.84
seo report template free download,5,1127,0.44%,28.21
mahjongjp88 link,5,920,0.54%,7.32
omantoto,5,885,0.56%,4.13
mahjong jp88,5,524,0.95%,7.96
join the blueprint,5,491,1.02%,4.17
seo quotation template,5,401,1.25%,10.37
slot gaming --138(rajadewa),5,391,1.28%,18.75
link alternatif,5,348,1.44%,10.16
slot paling gacor,5,335,1.49%,45.59
mahjong88 login,5,294,1.7%,8.45
depo 10,5,255,1.96%,6.15
akun gacor mahjong,5,159,3.14%,8.64
ranger blueprint,5,153,3.27%,10.63
local seo masterclass,5,134,3.73%,17.84
link deposit gratis,5,129,3.88%,6.69
jp mahjong,5,117,4.27%,7.56
sga slot gacor,5,74,6.76%,4.35
slot tergacor,5,63,7.94%,34.16
slot depo 10ribu,5,62,8.06%,7.76
depo 10k gacor,5,61,8.2%,12.72
slot gacor depo 10,5,57,8.77%,7.72
slot gampang wd,5,50,10%,18.04
situs slot depo 10 rb,5,37,13.51%,2.11
link slot deposit 10k,5,34,14.71%,5.56
situs slot depo 10k bonus 20k,5,32,15.62%,11.38
paling gacor malam ini,5,29,17.24%,4.59
link depo mahjong,5,25,20%,2.52
link slot paling gacor malam ini,5,22,22.73%,7.27
situs mahjong paling gacor hari ini,5,21,23.81%,6.57
gacor mahjong hari ini,5,21,23.81%,12.95
selot depo 10k,5,20,25%,5.35
situs resmi slot gacor malam ini,5,11,45.45%,4.73
the blueprint seo,5,8,62.5%,1.12
seo competitor analysis template,4,43387,0.01%,26.48
sample seo report,4,39142,0.01%,22.66
local seo course,4,15568,0.03%,26.47
monthly seo report template,4,10741,0.04%,15.89
seo quote template,4,2795,0.14%,9.68
no bs links,4,1049,0.38%,7.39
seo proposal templates,4,1014,0.39%,14.73
seo proposal template free,4,791,0.51%,10.3
site:webris.org,4,773,0.52%,2.26
sga slot login,4,690,0.58%,4.88
link building strategy template,4,391,1.02%,11.38
seo sop template,4,305,1.31%,13.38
depo 10 rb,4,247,1.62%,3.88
productized agency,4,203,1.97%,11.35
mahjong gacor 88,4,181,2.21%,8.18
mark luckenbaugh,4,178,2.25%,4.61
situs slot gampang menang,4,155,2.58%,20.77
slot min depo 10k,4,149,2.68%,12.84
situs depo 10 rb,4,141,2.84%,2.84
situs resmi gacor malam ini,4,106,3.77%,5.92
the blueprint program,4,97,4.12%,5.89
slot depo 10k bonus 20k,4,89,4.49%,13.61
situs mahjong gacor,4,85,4.71%,12.25
training slot,4,73,5.48%,15.59
slot malam ini,4,66,6.06%,12.27
min deposit 10k,4,64,6.25%,5.62
situs slot gacor malam ini,4,62,6.45%,42.03
depo 10 k,4,58,6.9%,3.95
deposit 10k bonus 10k,4,54,7.41%,6.76
slot gacor deposit 10k,4,53,7.55%,11.32
slot depo gratis mahjong,4,50,8%,3.98
situs slot deposit 10k,4,48,8.33%,12.73
slot mudah menang,4,40,10%,19.18
slot gacor 2024,4,39,10.26%,35.49
game mahjong slot,4,38,10.53%,6.55
link slot min depo 10k,4,37,10.81%,12.81
slot mahjong gacor malam ini,4,35,11.43%,12.03
sogotogel link alternatif,4,32,12.5%,2.88
situs slot deposit 10 ribu,4,32,12.5%,11.72
mahjong tergacor hari ini,4,28,14.29%,8.68
mahjong gacor hari ini modal receh,4,21,19.05%,21.52
slot gacor malam ini resmi,4,17,23.53%,20.94
link gacor malam ini terbaru,4,16,25%,16.19
slot minimal depo 10 rb,4,11,36.36%,2.64
slot gampang,4,11,36.36%,18.36
blueprint training login,4,9,44.44%,1.56
slot wd 20k,4,7,57.14%,21.57
seo report example,3,25910,0.01%,19.44
link building pricing,3,11532,0.03%,35.25
slotjackpotpewe.online --,3,10954,0.03%,9.73
how to make money with seo,3,4301,0.07%,10.8
seo performance report template,3,4285,0.07%,13.04
seo weekly report template,3,4094,0.07%,14.25
bro jp,3,2865,0.1%,9.09
seo quotation,3,2851,0.11%,15.7
seo report template free,3,2402,0.12%,17.18
blueprint learning,3,885,0.34%,18.91
situsayamjago.online --,3,843,0.36%,8.64
kapal slot,3,791,0.38%,5.47
on page seo report template,3,747,0.4%,15.06
how to earn money from seo,3,486,0.62%,8.83
dewa909jp.online+-,3,427,0.7%,5.25
mahjong 88 slot bonus,3,400,0.75%,9.36
situs depo 10k,3,248,1.21%,7.21
win2025slot.online -jepe,3,186,1.61%,31.42
ryan stewart – steal our local seo client strategy,3,181,1.66%,14.18
slot 777,3,158,1.9%,50.15
situs mahjong,3,155,1.94%,12.51
slot sga,3,152,1.97%,4.34
social media marketing client questionnaire pdf,3,148,2.03%,11.38
game depo,3,117,2.56%,6.94
situs 10k,3,116,2.59%,6.67
situs minimal deposit 10k,3,107,2.8%,5.27
slot depo 15k,3,106,2.83%,7.98
link depo 10k,3,102,2.94%,6.68
digital marketing agency blueprint,3,98,3.06%,23.19
minimal deposit 10k,3,95,3.16%,5.85
situs slot gacor,3,89,3.37%,31.8
situs deposit 10k,3,67,4.48%,6.3
blueprint slot,3,67,4.48%,56.04
mahjong gratis slot,3,66,4.55%,6.76
slotdepo,3,63,4.76%,6.22
mahjong 88 login,3,60,5%,9.57
link 10k,3,58,5.17%,6.47
slot gacor deposit 10rb,3,50,6%,16.06
slot deposit 10,3,46,6.52%,7.15
slot gampang jp,3,42,7.14%,17.31
situs gacor 10k,3,40,7.5%,6.9
slot deposit 10 ribu dapat bonus,3,40,7.5%,6.92
slot modal 10k login,3,39,7.69%,13.36
apk slot deposit 10k,3,38,7.89%,8.18
depo minimal 10rb,3,37,8.11%,4.92
depo 10+20,3,37,8.11%,10.7
serverbet,3,36,8.33%,9.61
slot deposit 10.000,3,35,8.57%,7.23
slot depo 20k,3,32,9.38%,7.28
mahjong slot gratis,3,32,9.38%,8.03
game slot mahjong gratis,3,29,10.34%,7.69
situs slot tergacor mahjong,3,28,10.71%,10.89
depo slot 10k,3,27,11.11%,3.89
slot gacor hari ini gampang menang,3,27,11.11%,17.22
ryan stewart agency,3,26,11.54%,6.19
slot gacor pagi ini,3,26,11.54%,22.73
link gacor sore ini,3,25,12%,13.68
depo 10ribu,3,24,12.5%,6.29
web agency blueprint,3,22,13.64%,13.14
link slot gacor depo 10k,3,21,14.29%,4.57
situs gacor depo 10,3,21,14.29%,6.62
situs slot minimal deposit 10k,3,20,15%,8.45
situs minimal depo 10k,3,19,15.79%,6.16
slot gampang gacor,3,19,15.79%,7.53
link gacor hari ini mahjong,3,18,16.67%,5.06
link tergacor hari ini,3,18,16.67%,6.5
slot modal 10rb,3,16,18.75%,12.25
slot malam,3,16,18.75%,18.44
slot gacor 10 ribu,3,15,20%,4.47
slot yang paling gacor malam ini,3,13,23.08%,3.23
slot mahjong gacor hari ini,3,13,23.08%,16.08
slot gacor mahyong,3,12,25%,8.75
slot raffi,3,12,25%,19.33
situs slot paling gampang menang,3,11,27.27%,18.27
situs slot anti rungkad,3,10,30%,14.9
kumpulan situs slot,3,10,30%,20.9
situs gacor depo 10rb,3,9,33.33%,1.89
situs gacor hari ini depo 20k,3,8,37.5%,6.12
enahp inscripciones,3,7,42.86%,1
slot depo mahjong,3,7,42.86%,11.29
smb slot,3,6,50%,1.67
slotdepo 10k,3,6,50%,1.83
akun slot gacor depo 10k,3,5,60%,8
ling gacor malam ini,3,4,75%,2.5
seo performance report,2,35171,0.01%,25.34
monthly seo report,2,29521,0.01%,19.72
seo reporting template,2,25760,0.01%,19.91
local seo training,2,22221,0.01%,22.48
map pack seo,2,22127,0.01%,13.28
seo report templates,2,18854,0.01%,18.23
seo earning,2,6190,0.03%,20.66
seo proposal sample,2,5838,0.03%,14.34
seo proposal for client,2,5066,0.04%,17.01
seo onboarding questions,2,4697,0.04%,17.18
agency positioning,2,4178,0.05%,9.35
seo proposal pdf,2,4061,0.05%,44.33
seo progress report template,2,3532,0.06%,11.55
local seo report template,2,3425,0.06%,9.56
seo monthly report pdf,2,3414,0.06%,15.66
sample seo proposal,2,3223,0.06%,14.69
local seo proposal,2,2888,0.07%,28.75
free seo report template,2,2353,0.08%,18.24
make money with seo,2,2264,0.09%,14.43
seo training for agencies,2,1605,0.12%,15.58
best seo proposal for client,2,1246,0.16%,14.66
nobs links,2,1209,0.17%,4.16
seo onboarding form,2,1064,0.19%,13.02
digital marketing sales training,2,1032,0.19%,30.1
nobs link,2,1005,0.2%,7.01
blueprint sign in,2,987,0.2%,8.19
what is rise at seven,2,732,0.27%,11.25
seo agency training,2,731,0.27%,22.37
mahjongjp88 slot,2,714,0.28%,8.38
link mahjongjp88,2,694,0.29%,8.63
agency pricing examples,2,655,0.31%,11.92
blueprint course,2,581,0.34%,32.17
map pack ranking,2,474,0.42%,10.49
blue print log in,2,371,0.54%,7.85
no-bs marketplace,2,364,0.55%,13.54
webris,2,352,0.57%,24.96
mahjong jp88 login,2,327,0.61%,6.61
seo benchmark template,2,306,0.65%,9.97
daftar slot gacor,2,275,0.73%,41.76
affiliate blueprint,2,263,0.76%,7.47
theblueprint,2,249,0.8%,9.03
herding cats gif funny,2,248,0.81%,1
the blueprint,2,226,0.88%,24.85
client onboarding questionnaire pdf,2,214,0.93%,9.14
seo proposal template word,2,198,1.01%,18.24
meta ads blueprint,2,191,1.05%,10.54
situs depo,2,165,1.21%,7.92
depo 10 ribu,2,164,1.22%,5.65
mahjong gacor88 slot,2,142,1.41%,6.25
slot gacor min depo 10k,2,142,1.41%,20.49
the blueprint sales,2,125,1.6%,6.36
depo min 10k,2,111,1.8%,5.08
the agency podcast,2,109,1.83%,9.46
blueprint free trial,2,103,1.94%,12.13
situs paling gacor malam ini,2,97,2.06%,13.6
link mahjong,2,85,2.35%,9.06
seo agency template,2,85,2.35%,34.59
depo minimal 10k,2,79,2.53%,6.28
mahjong jp88 slot,2,78,2.56%,7.76
slot gacor hari ini pg soft jj team a,2,75,2.67%,8.55
kyle roof seo course,2,75,2.67%,11.56
rudal slot,2,71,2.82%,6.86
deposit minimal 10 ribu,2,67,2.99%,6.91
slot deposit,2,67,2.99%,10.16
mahyonggacor88,2,66,3.03%,6.14
paling gacor,2,56,3.57%,8.86
situs deposit minimal 10k,2,54,3.7%,6.09
ryan stewart webris,2,54,3.7%,20.04
mahjong gacor malam ini,2,53,3.77%,7.06
gacor mahjong,2,52,3.85%,8.52
slot gacor hari ini mahjong,2,52,3.85%,8.88
slot mahjong tergacor,2,51,3.92%,7.78
akunslot gacor,2,50,4%,14.34
mahjong jp88 slot login link alternatif,2,48,4.17%,9.27
slot yang gacor malam ini,2,47,4.26%,31.23
akunslot,2,47,4.26%,33.02
slot gratis deposit,2,43,4.65%,5.37
slot depo minimal 10k,2,43,4.65%,8.02
mahjong depo,2,42,4.76%,5.48
slot gacor malam,2,41,4.88%,7.73
slot 10ribu,2,40,5%,5.47
mangga slot,2,40,5%,5.97
depo 10 + 10,2,39,5.13%,4.67
blueprint affiliate,2,37,5.41%,2.57
slot minimal depo 10rb,2,36,5.56%,9.86
apk slot minimal wd 10k,2,34,5.88%,6.53
wrap-up report,2,34,5.88%,7.21
bootcamp meta ads,2,34,5.88%,8.71
slot gratis depo,2,33,6.06%,8.06
situs slot depo 10,2,33,6.06%,8.88
blueprint reading classes,2,32,6.25%,2.41
gacor link alternatif,2,31,6.45%,3.65
deposit gratis slot,2,31,6.45%,5.9
ryan blueprint group,2,31,6.45%,9.32
link deposit 10k,2,29,6.9%,3.24
slot gacor jp,2,29,6.9%,8.93
situs 10 ribu,2,28,7.14%,4.75
situs slot depo 10 ribu,2,27,7.41%,6.07
link slot gacor mahjong hari ini,2,27,7.41%,7.52
apk slot 777 depo 10k,2,26,7.69%,5
apk slot 10k,2,26,7.69%,7.27
situs gacor hari ini mahjong,2,26,7.69%,9.62
malam slot,2,25,8%,11
situs slot gacor minimal deposit 10rb,2,25,8%,19.12
slot minimal 10 ribu,2,24,8.33%,4.96
offer creation course,2,24,8.33%,6.5
situs gacor mahjong hari ini,2,24,8.33%,6.54
link slot depo gratis,2,24,8.33%,6.96
local seo bootcamp,2,24,8.33%,7.46
slot deposit gratis,2,24,8.33%,7.67
yes,2,24,8.33%,8.21
slot minimal deposit 10rb,2,24,8.33%,9.75
slot malam ini yg gacor,2,24,8.33%,13.88
situs gacor hari ini depo 10k,2,23,8.7%,4.09
slot loket 88,2,23,8.7%,11.61
seoblueprint,2,22,9.09%,6.86
mahyong 88,2,22,9.09%,8.05
situs slot gampang jp,2,20,10%,10.8
situs slot deposit 10rb,2,20,10%,25.9
link gacor mlm ini,2,19,10.53%,6.21
slot gacor dini hari,2,19,10.53%,8.89
situs slot 10 ribu,2,18,11.11%,6.11
site:polrestegalkota.com,2,17,11.76%,1
situs 10rb,2,17,11.76%,1.53
situs gacor min depo 10k,2,17,11.76%,7.88
slot tergacor hari ini,2,17,11.76%,30.59
deposit 10ribu,2,16,12.5%,6.62
slot minimal 10rb,2,15,13.33%,5.87
slot depo 6000,2,15,13.33%,8.67
slot gacor link alternatif,2,15,13.33%,9.47
the training blueprint,2,14,14.29%,4.64
slot wd 10k,2,14,14.29%,4.93
situs slot gacor deposit 10k,2,14,14.29%,12.86
site:https://polrestegalkota.com/,2,13,15.38%,1
apk slot depo 10,2,13,15.38%,5.62
mahyong jp,2,13,15.38%,6.08
deposit slot,2,13,15.38%,11.08
9999 game casino,2,13,15.38%,11.31
situs deposit 10rb,2,12,16.67%,1.08
slot min depo 10,2,12,16.67%,3.08
slot deposit 10 k,2,12,16.67%,5.5
situs gacor mahyong,2,12,16.67%,7.5
mahjong 777 slot online,2,11,18.18%,4.91
slot gacor gampang menang depo 10k,2,11,18.18%,6.09
slot deposit 10 bonus 10,2,11,18.18%,7.64
seo link building agency,2,11,18.18%,145.64
situs gacor dini hari,2,10,20%,7.1
slot mahjong 88,2,10,20%,7.6
permainan slot gacor malam ini,2,10,20%,9.8
situs slot tergacor hari ini,2,10,20%,30.3
slot anti rungkad depo 10k,2,9,22.22%,3.22
slot gacor wd besar,2,9,22.22%,23.11
situs slot gacor deposit 10 ribu,2,8,25%,2.12
link slot yang bisa depo 10k,2,7,28.57%,6
ryan stewart – the blueprint training,2,7,28.57%,7.57
slot terbaru gacor malam ini,2,7,28.57%,11.86
daftar slot paling gacor,2,7,28.57%,14.29
blueprint seo sprint methodology,2,6,33.33%,1
slot min deposit 10k,2,5,40%,9.4
link gacor malem ini,2,5,40%,11.2
mudah menang,2,4,50%,11.75
situs slot yang gampang menang,2,4,50%,16
slot pasti menang malam ini,2,4,50%,26.5
link gacor min depo 10k,2,3,66.67%,1.33
depo 10 bonus 20,2,3,66.67%,8.67
slot gampang wd hari ini,2,3,66.67%,21
slot depo 20,2,3,66.67%,31.33
slot gacor777 login,2,3,66.67%,43.33
nama situs tergacor,2,2,100%,36.5
ahrefs vs semrush vs moz,1,113920,0%,13.98
moz vs ahrefs,1,77634,0%,21.08
local maps seo,1,36538,0%,19.55
example seo report,1,27685,0%,30.19
seo report format,1,15482,0.01%,14.95
local seo report,1,14250,0.01%,25.88
local seo courses,1,11317,0.01%,37.69
webris seo,1,11198,0.01%,22.67
seo reporting templates,1,10141,0.01%,23.44
seo proposal for clients,1,10046,0.01%,18.44
white label ppc services,1,9586,0.01%,59.08
best seo report template,1,7732,0.01%,20.39
seo sops,1,7727,0.01%,36.76
link building training,1,7098,0.01%,17.14
internal linking tool,1,6936,0.01%,34.76
chase reiner local seo,1,6853,0.01%,27.5
seo monthly report format,1,5575,0.02%,15.1
agency pricing models,1,5130,0.02%,19.54
seo weekly report format,1,4636,0.02%,14.82
seo monthly report templates,1,4285,0.02%,22.91
seo monthly report sample,1,4265,0.02%,22.21
white label ppc service,1,4093,0.02%,51.75
ahrefs vs moz pro,1,3819,0.03%,33.36
seo client report template,1,3289,0.03%,18.98
seo community,1,3193,0.03%,18.12
situs62,1,3105,0.03%,7.26
proposal for seo services,1,2877,0.03%,19.64
seo strategy report,1,2717,0.04%,28.53
sales training agency,1,2697,0.04%,25.37
seo benchmark report template,1,2641,0.04%,7.56
seo proposal examples,1,2565,0.04%,12.06
rise at 7,1,2498,0.04%,9.94
google data studio seo report template,1,2449,0.04%,23.8
seo proposal deliverables,1,2402,0.04%,6.95
seo roi formula,1,2378,0.04%,28.41
project management for seo,1,2197,0.05%,16.91
seo comparison report,1,1789,0.06%,33.72
how to rank in google map pack,1,1616,0.06%,24.89
seo project proposal template,1,1612,0.06%,15.64
dental backlinks,1,1483,0.07%,56.73
blue print login,1,1423,0.07%,8.34
seo competitor analysis template excel,1,1414,0.07%,46.09
seo template report,1,1388,0.07%,22.08
traffic projection tool,1,1376,0.07%,13.49
monthly report format for seo,1,1265,0.08%,13.16
agency pricing guide,1,1265,0.08%,15.83
seo agency lead generation,1,1145,0.09%,47.22
google map pack ranking factors,1,1111,0.09%,17.29
local seo map pack,1,1110,0.09%,11.57
content for marketing agencies,1,1007,0.1%,4.76
marketing agency sales,1,987,0.1%,26.39
slot mahjongjp88,1,982,0.1%,8.85
seo report templates free,1,982,0.1%,26.39
sga slot,1,978,0.1%,4.7
affiliate marketing blueprint free course,1,919,0.11%,26.43
seo questionnaire for clients,1,845,0.12%,32.33
mahjongjp 88 login,1,796,0.13%,8.36
seo quotation sample,1,789,0.13%,11.88
seo proposal document,1,705,0.14%,15.29
affiliate marketing blueprint,1,691,0.14%,9.32
agency course,1,691,0.14%,26.96
seo scale,1,688,0.15%,15
seo services quotation,1,623,0.16%,18.07
site audit training,1,610,0.16%,19.07
link building template,1,608,0.16%,15.45
best seo proposal template,1,582,0.17%,12.4
marketing agency niches,1,577,0.17%,9.46
how to calculate seo roi,1,575,0.17%,29.95
blueprint templates,1,567,0.18%,35.86
seo agency course,1,534,0.19%,42.05
how to position your marketing agency,1,521,0.19%,13.29
seo agency coach,1,511,0.2%,9.12
dental link building,1,475,0.21%,11.77
seo freelancer blueprint course,1,453,0.22%,7.4
slot deposit 10 ribu,1,444,0.23%,13.41
monthly seo report format,1,432,0.23%,14.73
weekly seo report template,1,419,0.24%,21.07
seo earn money,1,367,0.27%,13.47
keyword blueprint,1,350,0.29%,4.14
site audit course,1,337,0.3%,15.64
sprint seo,1,318,0.31%,14.56
slot gacor --zenostogel,1,314,0.32%,7.96
seo proposal template for client,1,303,0.33%,17.51
client onboarding courses,1,303,0.33%,37.04
agency website template free,1,292,0.34%,29.4
seo passive income,1,289,0.35%,9.84
mahjongjp88 slot online,1,288,0.35%,8.38
seo slot,1,286,0.35%,30.9
how to create seo report in word document,1,249,0.4%,11.02
mahjong --slot25,1,246,0.41%,8.43
herding cats gif,1,236,0.42%,1.17
slot gacor 777,1,233,0.43%,38.94
mahjongjp88 login link alternatif,1,232,0.43%,8.76
agency training,1,224,0.45%,25.34
link slot gacor mahjong,1,220,0.45%,20.89
jointheblueprint,1,208,0.48%,4.01
menang88,1,186,0.54%,8.02
mahjong+menang123,1,184,0.54%,3.3
productized marketing agency,1,184,0.54%,8.47
situs mahjongjp88,1,182,0.55%,7.68
slot resmi,1,179,0.56%,18.14
serp intent,1,174,0.57%,14.66
productizing services,1,171,0.58%,52.73
seo report template for clients,1,164,0.61%,17.5
gampang jp,1,156,0.64%,10.95
bro jp 88,1,154,0.65%,6.52
mahjong 88 slot,1,144,0.69%,9.77
nobs backlinks,1,142,0.7%,3.61
how to make money doing seo,1,142,0.7%,10.47
jointheblueprint.com,1,128,0.78%,7.91
offer creation,1,126,0.79%,20.35
best niche for marketing agency,1,118,0.85%,16.85
slot88 resmi,1,118,0.85%,24.18
mahjongjp88 link alternatif resmi slot online terpercaya 1 di indonesia,1,117,0.85%,19.15
slot 88,1,116,0.86%,34.15
the entre blueprint,1,114,0.88%,26.78
slot gacor 10rb,1,111,0.9%,15.77
info slot gacor malam ini,1,110,0.91%,17.65
aleric heck net worth,1,110,0.91%,18
situs gacor malam ini,1,110,0.91%,56.05
ryan stewart steal our local seo client strategy,1,107,0.93%,4.5
bet 10 ribu,1,104,0.96%,17.21
slot gacor hari ini,1,101,0.99%,66.32
situs 88,1,100,1%,22.21
seo proposal sample pdf,1,94,1.06%,27.33
mahjonjp88,1,93,1.08%,8.25
the blue print,1,93,1.08%,42.35
local seo coaching,1,93,1.08%,74.06
seo training agency,1,89,1.12%,47.54
best niches for marketing agencies,1,85,1.18%,12.79
link situs slot gacor,1,85,1.18%,21.92
seo blueprint 3,1,82,1.22%,13.32
mahjong jp88 link alternatif,1,80,1.25%,8.35
the blueprint academy,1,77,1.3%,7.42
jp88 slot,1,76,1.32%,8.18
raffi 777,1,76,1.32%,8.33
slot deposit 10 rb,1,76,1.32%,11.78
slot qris 10k,1,73,1.37%,23.71
ultra slot 777,1,70,1.43%,7.14
slot777,1,70,1.43%,55.01
link depo gacor,1,69,1.45%,9.45
map pack rankings,1,67,1.49%,9.48
bro jp slot online,1,66,1.52%,6.09
seo service proposal,1,66,1.52%,26.39
agency niches,1,65,1.54%,8.25
depo selot,1,60,1.67%,8.73
slot jp,1,60,1.67%,27.23
sga 55,1,59,1.69%,4.27
jne slot,1,58,1.72%,10.09
blueprint leaderboard,1,56,1.79%,6.16
apk deposit 10k,1,56,1.79%,6.84
gacor88,1,56,1.79%,17.86
situs mahjong 88,1,55,1.82%,8.24
raffi 888 slot login,1,54,1.85%,9.8
tjr blueprint cost,1,52,1.92%,2.69
business consulting client questionnaire pdf,1,52,1.92%,34.62
site:https://theblueprint.training,1,51,1.96%,45.12
slot depo kecil wd besar,1,50,2%,8.4
link alternatif mahjongjp88,1,48,2.08%,7.62
link slot 10k,1,47,2.13%,6.62
situs slot paling gacor malam ini,1,47,2.13%,13.26
situs slot gacor --kudaputih88,1,44,2.27%,4.86
situs tergacor hari ini,1,44,2.27%,25.32
seo money making,1,43,2.33%,10.84
min depo 10k,1,42,2.38%,6.36
mahjongjp88 situs,1,42,2.38%,8.93
slot 10,1,42,2.38%,11.14
best niche for lead generation,1,42,2.38%,26.57
depo slot gacor,1,41,2.44%,6.17
slot dp 10k,1,41,2.44%,8.17
gampang menang,1,41,2.44%,18.05
bro jp login alternatif,1,40,2.5%,8.05
slot minimal deposit 10k,1,39,2.56%,8.03
mahjongjp88. online,1,39,2.56%,8.51
jp slot mahjong,1,39,2.56%,10.82
slot min 10k,1,38,2.63%,6.61
aplikasi slot 777 mahjong,1,38,2.63%,8.76
situs slot gacor mahjong,1,37,2.7%,9.41
affiliate marketing blueprint pdf,1,37,2.7%,44.49
training affiliate program,1,37,2.7%,76.95
jointhe blueprint.com,1,36,2.78%,4.53
deposit gratis gacor,1,36,2.78%,6.28
ryan blueprint,1,36,2.78%,6.33
webris reviews,1,36,2.78%,22.25
blueprintlogin,1,35,2.86%,7.8
situs slot gratis,1,35,2.86%,9.34
slot indo,1,35,2.86%,15.8
situs sga,1,34,2.94%,3.82
blueprint sprint,1,34,2.94%,6.38
akun depo,1,34,2.94%,9.56
link slot deposit gratis,1,33,3.03%,5.39
menangbet,1,33,3.03%,21.73
slot deposit 1000 via dana,1,33,3.03%,26.3
link slot depo 10,1,32,3.12%,7.28
link wd slot,1,32,3.12%,7.31
jawa slot,1,32,3.12%,9.59
slot deposit 10k bonus 10k,1,31,3.23%,5.52
link slot mahjong gratis,1,31,3.23%,5.81
situs slot jp,1,31,3.23%,8.52
blue print learning,1,31,3.23%,10.45
apk slot daftar dapat 10k,1,31,3.23%,14.87
akun slot depo 10k,1,30,3.33%,7.3
slot gacor modal 10k,1,30,3.33%,13.93
depo 10k bonus 10k,1,29,3.45%,9
link mahjong slot,1,29,3.45%,11.59
depo 777,1,29,3.45%,12.17
blueprint workshops,1,29,3.45%,14.93
mahjong 88 link alternatif,1,28,3.57%,8.96
jp88 login,1,27,3.7%,15.7
link alternatif gacor,1,26,3.85%,2.65
deposit 10 rb,1,26,3.85%,5.23
slot minimal depo 10,1,26,3.85%,6.35
mahjong 888 slot,1,26,3.85%,7.27
mahjong jp slot,1,26,3.85%,8.23
situs slot mudah menang,1,26,3.85%,13.08
situs tergacor malam ini,1,26,3.85%,20.12
slot gacor depo 10 k,1,25,4%,4.56
loket 88 slot,1,25,4%,8.48
slot gacor mlm ini,1,25,4%,19.2
situs slot min depo 10k,1,25,4%,20.48
depo 10 bonus 10,1,25,4%,25.6
situs slot mudah jp,1,24,4.17%,11.29
apk slot gacor depo 10k,1,24,4.17%,13.17
majonggacor88,1,23,4.35%,6.74
slot menang,1,23,4.35%,18.3
slot gacor sore ini,1,23,4.35%,18.35
slot gampang menang hari ini,1,23,4.35%,20.13
how to rank in maps,1,23,4.35%,67.26
link gacor deposit 10k,1,22,4.55%,5.64
slot training,1,22,4.55%,7.27
situs mahjong gacor hari ini,1,22,4.55%,9
facebook ads bootcamp,1,22,4.55%,24.36
slot gacor gampang menang hari ini,1,22,4.55%,40.32
the lifestyle blueprint david kennedy cost,1,21,4.76%,2.1
wd gacor,1,21,4.76%,5.81
mahjong gampang menang,1,21,4.76%,8.71
backlinks for dentists,1,21,4.76%,10.1
deposit slot gratis,1,20,5%,6.15
indo jawa 88 slot login,1,20,5%,9.45
akun gacor malam ini,1,20,5%,10.25
seo project management for agencies,1,19,5.26%,3.74
slotrajadewa138.online --,1,19,5.26%,4.11
link gacor mahjong hari ini,1,19,5.26%,5.37
slot top up 10k,1,19,5.26%,5.42
slot 10+10,1,19,5.26%,6.63
capital slot,1,18,5.56%,7.56
slot depo gacor,1,18,5.56%,8.11
999gacor,1,18,5.56%,8.83
slot 805 login,1,18,5.56%,13.11
mahjong 777 login link alternatif,1,18,5.56%,13.67
situs slot gacor depo 10k,1,18,5.56%,17.83
link slot 10 ribu,1,17,5.88%,4.88
jp mahyong,1,17,5.88%,6.76
situs majong,1,17,5.88%,7.12
slot deposit 10k bonus 20k,1,17,5.88%,10.24
mahjong slot 88,1,17,5.88%,11.24
link depo 10,1,16,6.25%,5.75
situs amerika slot,1,16,6.25%,8.94
slot jne,1,16,6.25%,9.5
link gacor depo 10,1,16,6.25%,14.75
slot malam ini yang gacor,1,16,6.25%,16.44
link situs slot,1,16,6.25%,21.38
situs slot terbesar,1,16,6.25%,26.25
gacor 777,1,16,6.25%,41.88
deposit 10rb slot,1,15,6.67%,4.73
deposit gacor,1,15,6.67%,8.93
slot depo pertama langsung wd,1,15,6.67%,9.33
slot depo 10 bonus 10,1,15,6.67%,12.4
superslot login,1,15,6.67%,13.2
the marketing agency blueprint pdf,1,15,6.67%,18.8
slot min depo 10rb,1,15,6.67%,21.27
depo link,1,14,7.14%,6.86
slot gacor 10 k,1,14,7.14%,8.86
slot resmi indonesia,1,14,7.14%,17.71
mahjong gacor sekarang,1,14,7.14%,19.43
situs slot terbaru paling gacor,1,14,7.14%,25.29
slot,1,14,7.14%,67.29
link deposit gacor,1,13,7.69%,10.38
slots mahjong,1,13,7.69%,11.85
situs gacor gampang jp,1,13,7.69%,14.08
agenda slot,1,12,8.33%,3.17
aplikasi slot gratis 10k,1,12,8.33%,4.42
link gacor mahyong,1,12,8.33%,5.83
slot depo 10 gacor,1,12,8.33%,7.83
majong 88,1,12,8.33%,8.75
slot yang bisa depo 10k,1,12,8.33%,11
slot gacor minimal deposit 10rb,1,12,8.33%,17.58
situs gacor777,1,12,8.33%,20.5
situs slot gacor 777,1,12,8.33%,20.67
situs slot bonus new member 100 bebas ip,1,12,8.33%,25.08
slot gacor gampang menang 2024,1,12,8.33%,26.75
local seo coach,1,12,8.33%,76.92
slot gratis 10k,1,11,9.09%,3.09
mahjong deposit,1,11,9.09%,3.82
slot gacor deposit 10 ribu,1,11,9.09%,5.18
link gacor slot mahjong,1,11,9.09%,5.27
slot gacor minimal depo 10k,1,11,9.09%,7.82
depo pertama pasti wd,1,11,9.09%,12.36
link gacor gampang menang,1,11,9.09%,40.18
deposit qris,1,11,9.09%,80.55
slot depo 10k bonus 15k,1,10,10%,4
cuanslot777,1,10,10%,4.3
slot minimal deposit 10 ribu,1,10,10%,4.5
mahjong hari ini gacor,1,10,10%,5.5
deposit 10k gacor,1,10,10%,5.8
situs mahyong gacor,1,10,10%,6.2
aplikasi deposit 10k,1,10,10%,7.4
slot terbaru malam ini,1,10,10%,9.8
slot deposit 20k,1,10,10%,13.8
cold outreach course,1,10,10%,37.2
slot jp malam ini,1,10,10%,52.6
link slot deposit 10 ribu,1,9,11.11%,3.89
link gacor minimal deposit 10k,1,9,11.11%,4.56
link gacor depo 10 ribu,1,9,11.11%,4.89
slot depo 10k apk,1,9,11.11%,6.11
how much is the blueprint,1,9,11.11%,7.67
mahyong gacor,1,9,11.11%,8.56
situs gacor 88,1,9,11.11%,8.67
solar slot,1,9,11.11%,13.33
slot qris 10rb,1,9,11.11%,26.67
situs slot terbaru,1,9,11.11%,46.22
link gacor deposit,1,8,12.5%,4.25
the agency blueprint pdf,1,8,12.5%,6.62
ling depo gacor,1,8,12.5%,8.25
aplikasi slot mahjong 777,1,8,12.5%,8.38
menang slot mahjong,1,8,12.5%,8.5
raffi 888 login slot,1,8,12.5%,9
situs slot depo 10 bonus 10,1,8,12.5%,9.25
slot gacor malam ini gampang menang,1,8,12.5%,17.12
daftar slot terbaru,1,8,12.5%,33.12
ryan seo,1,8,12.5%,40.5
deposit min 10k,1,7,14.29%,1.86
slot yang depo 10rb,1,7,14.29%,2.14
slot gacor di jamin wd,1,7,14.29%,3.29
slot gacor hari ini min depo 10k,1,7,14.29%,3.57
depo 10 k gacor,1,7,14.29%,4.14
link depo gacor hari ini,1,7,14.29%,5.14
link slot gacor hari ini mahjong,1,7,14.29%,5.86
slot88resmi login link alternatif,1,7,14.29%,5.86
situs depo 10k bonus 10k,1,7,14.29%,6.29
slot mangga,1,7,14.29%,6.29
link gacor hari ini depo 10k,1,7,14.29%,8
link slot tergacor malam ini,1,7,14.29%,8.29
situs resmi mahjong,1,7,14.29%,11
situs slot mahjong gacor hari ini,1,7,14.29%,12.14
situs gampang wd,1,7,14.29%,14.86
situs gacor pagi ini,1,7,14.29%,15.14
situs slot hari ini,1,7,14.29%,15.14
lead generation for seo agency,1,7,14.29%,18.14
home service niches,1,7,14.29%,19.14
situs anti rungkad,1,7,14.29%,23
link slot malam ini,1,7,14.29%,25.57
slot gacor gampang jp,1,7,14.29%,26
situs slot depo 10k gacor,1,7,14.29%,26.71
situs gacor hari ini,1,7,14.29%,30.43
mahjong 55,1,6,16.67%,3
apk slot min depo 10k,1,6,16.67%,3.33
situs slot yang paling gacor malam ini,1,6,16.67%,3.33
situs gampang gacor,1,6,16.67%,3.5
slot dp 10,1,6,16.67%,4.33
situs depo 10 bonus 10,1,6,16.67%,5
depo 10k slot,1,6,16.67%,5.17
link slot 10rb,1,6,16.67%,5.5
situs slot depo 10k bonus 10k,1,6,16.67%,7.33
slot depo 10+10,1,6,16.67%,8.33
qr gacor,1,6,16.67%,8.67
link mudah jp,1,6,16.67%,8.83
depo slot 888,1,6,16.67%,12.33
slot deposit 10k gacor,1,6,16.67%,14.67
situs slot tergacor saat ini,1,6,16.67%,25.17
the slot 777,1,6,16.67%,28.17
slot gacor malam ini 2024,1,6,16.67%,61.33
link gacor minimal deposit 10rb,1,5,20%,2
situs depo 10k gacor,1,5,20%,3
link tergacor malam ini,1,5,20%,3.2
gacor 10k,1,5,20%,4.6
slod depo,1,5,20%,5.4
slot mahjong jp besar,1,5,20%,5.6
slot mahjong 10k,1,5,20%,6.6
slotgacormahjong,1,5,20%,6.6
situs slot mahjong tergacor,1,5,20%,6.8
link slot deposit,1,5,20%,7.2
mahjong anti rungkad,1,5,20%,7.2
akun slot mahjong,1,5,20%,7.6
link slot depo 15k,1,5,20%,8.4
minimal deposit 10.000,1,5,20%,8.6
slot mahjong menang besar,1,5,20%,8.8
slot online deposit,1,5,20%,13.8
apk slot depo 10k bet 40 perak,1,5,20%,14.2
situs slot indo,1,5,20%,17.2
mahjong 88 jp,1,5,20%,18.6
slot gacor 20k,1,5,20%,19
situs gacor sedunia,1,5,20%,19.2
slot yang lagi gacor hari ini,1,5,20%,22.2
gacor777 login,1,5,20%,31
my 777 slots,1,5,20%,39.4
situs terbaru,1,5,20%,50.6
the blueprint seo training,1,4,25%,1
ranger blueprint login,1,4,25%,2
link slot depo 10rb,1,4,25%,4.75
slot jamin menang,1,4,25%,4.75
slot depo apk,1,4,25%,7.25
situ paling gacor,1,4,25%,9.25
situs gacor jp,1,4,25%,19
slot gacor malm ini,1,4,25%,29.25
slot mahyong gacor,1,4,25%,30.25
link slot gacor malam ini deposit 10 ribu,1,3,33.33%,1.67
slot 10rb gacor,1,3,33.33%,2
situs gacor deposit 10 ribu,1,3,33.33%,3
deposit 10 ribu slot,1,3,33.33%,3.33
slot minimal wd 10k,1,3,33.33%,3.67
bryan johnson blueprint,1,3,33.33%,6
slot apk 10k,1,3,33.33%,7.33
situs mahjong gratis,1,3,33.33%,7.67
situs mahjong resmi,1,3,33.33%,7.67
we slot 88,1,3,33.33%,8.33
situs slot resmi mahjong,1,3,33.33%,8.67
permainan slot mahjong gratis,1,3,33.33%,9
slot gacor depo 10k mahjong,1,3,33.33%,11.33
slot sore ini,1,3,33.33%,12.33
situs slot mudah wd,1,3,33.33%,16
situs slot yang bisa depo 10k,1,3,33.33%,16
link slot gacor pagi ini,1,3,33.33%,20.33
mahjong slot online,1,3,33.33%,30.33
industry blueprint,1,3,33.33%,42.33
slot bonus new member 100%,1,3,33.33%,69
situs wd 10rb,1,2,50%,1
alternatif gacor,1,2,50%,1.5
omantoto link alternatif,1,2,50%,2
blueprint reading classes near me,1,2,50%,2.5
link slot gacor hari ini minimal deposit 10rb,1,2,50%,2.5
blueprint nutrition gut health,1,2,50%,3
body blueprint training,1,2,50%,3
goodies agency,1,2,50%,6.5
depositoslot,1,2,50%,10
situs gampang menang besar,1,2,50%,17.5
idn slot 88,1,2,50%,20.5
slot bagus malam ini,1,2,50%,21.5
toko slot,1,2,50%,22
link slot mahjong gacor,1,2,50%,24
slot depo kecil bet kecil,1,2,50%,24
slot termudah,1,2,50%,24
slot geratis,1,2,50%,26.5
777 deposit,1,2,50%,27.5
slot bet 100 login,1,2,50%,41
slot gacor deposit 5k dana,1,2,50%,47.5
linkbuildingpricing,1,2,50%,57
slot.gacor,1,2,50%,59
business systems,1,1,100%,1
enahp donde queda,1,1,100%,1
depo gacor 10k,1,1,100%,2
link slot wd 10 ribu,1,1,100%,3
situs slot hari ini gacor,1,1,100%,3
how to make money online,1,1,100%,5
urls,1,1,100%,5
gratis depo,1,1,100%,6
mlm slot,1,1,100%,8
aplikasi slot gacor deposit,1,1,100%,9
professional services,1,1,100%,9
yang paling gacor,1,1,100%,9
slot ve,1,1,100%,11
single grain seo,1,1,100%,12
444 slot,1,1,100%,13
akun slot mudah menang,1,1,100%,14
game gacor malam ini,1,1,100%,16
55 slot,1,1,100%,18
situs gacor depo pertama langsung wd,1,1,100%,18
situs mudah menang malam ini,1,1,100%,18
slotdeposit,1,1,100%,18
gocor,1,1,100%,19
situs gacor malam ini 2024,1,1,100%,20
slot 10+20,1,1,100%,21
situs gacor terbesar,1,1,100%,23
slit gratis,1,1,100%,23
slot depo 5l,1,1,100%,23
situs gacor hari,1,1,100%,26
slot gacor situs,1,1,100%,26
situs slot terbaru 2025 gacor,1,1,100%,28
situs gacor malam minggu,1,1,100%,29